
> formmate-ai@1.0.0 dev
> vite dev --configLoader native --host 127.0.0.1 --port 4173


  [32m[1mVITE[22m v6.4.1[39m  [2mready in [0m[1m3437[22m[2m[0m ms[22m

  [32m➜[39m  [1mLocal[22m:   [36mhttp://127.0.0.1:[1m4173[22m/[39m
[2m[32m  ➜[39m[22m[2m  press [22m[1mh + enter[22m[2m to show help[22m
[2m12:59:07 PM[22m [31m[1m[vite][22m[39m [31m[2m(client)[22m[39m Pre-transform error:   x Merge conflict marker encountered.
     ,-[C:/Users/ngaremuki/OneDrive - NESTLE/Documents/Misc/Code files/Repositories/FormMate/src/screens/history.ts:144:1]
 141 |     </div>
 142 |   `;
 143 | 
 144 | <<<<<<< Updated upstream:src/screens/history.ts
     : ^^^^^^^
 145 |   const html = withLayout('history', historyContent, {
 146 |     zenMode: { screenId: 'history' },
 146 |     shellClassName: 'zen-layout-shell',
     `----
  x Merge conflict marker encountered.
     ,-[C:/Users/ngaremuki/OneDrive - NESTLE/Documents/Misc/Code files/Repositories/FormMate/src/screens/history.ts:153:1]
 150 | 
 151 |   function init(wrapper) {
 152 |     const cleanupLayout = initLayout(wrapper, { zenMode: { screenId: 'history' } });
 153 | =======
     : ^^^^^^^
 154 |   const html = withLayout('history', historyContent, { zenSupported: true });
 155 | 
 155 |   function init(wrapper) {
     `----
  x Merge conflict marker encountered.
     ,-[C:/Users/ngaremuki/OneDrive - NESTLE/Documents/Misc/Code files/Repositories/FormMate/src/screens/history.ts:158:1]
 155 | 
 156 |   function init(wrapper) {
 157 |     const cleanupLayout = initLayout(wrapper, { screenId: 'history', zenSupported: true });
 158 | >>>>>>> Stashed changes:src/screens/history.js
     : ^^^^^^^
 159 | 
 160 |     wrapper.querySelector('#btn-export-all')?.addEventListener('click', () => {
 160 |       navigateTo('docs');
     `----
  x Expected '}', got '<eof>'
     ,-[C:/Users/ngaremuki/OneDrive - NESTLE/Documents/Misc/Code files/Repositories/FormMate/src/screens/history.ts:170:4]
 168 | 
 169 |   return { html, init };
 170 | }
     `----


Caused by:
    Syntax Error
  Plugin: [35mvite:react-swc[39m
  File: [36mC:/Users/ngaremuki/OneDrive - NESTLE/Documents/Misc/Code files/Repositories/FormMate/src/screens/history.ts[39m
[2m12:59:07 PM[22m [31m[1m[vite][22m[39m [31m[2m(client)[22m[39m Pre-transform error:   x Merge conflict marker encountered.
     ,-[C:/Users/ngaremuki/OneDrive - NESTLE/Documents/Misc/Code files/Repositories/FormMate/src/screens/ai-chat.ts:138:1]
 135 |     </div>
 136 |   `;
 137 | 
 138 | <<<<<<< Updated upstream:src/screens/ai-chat.ts
     : ^^^^^^^
 139 |   const html = withLayout('ai-chat', chatContent, {
 140 |     zenMode: { screenId: 'ai-chat' },
 140 |     shellClassName: 'zen-layout-shell',
     `----
  x Merge conflict marker encountered.
     ,-[C:/Users/ngaremuki/OneDrive - NESTLE/Documents/Misc/Code files/Repositories/FormMate/src/screens/ai-chat.ts:147:1]
 144 | 
 145 |   function init(wrapper) {
 146 |     const cleanupLayout = initLayout(wrapper, { zenMode: { screenId: 'ai-chat' } });
 147 | =======
     : ^^^^^^^
 148 |   const html = withLayout('ai-chat', chatContent, { zenSupported: true });
 149 | 
 149 |   function init(wrapper) {
     `----
  x Merge conflict marker encountered.
     ,-[C:/Users/ngaremuki/OneDrive - NESTLE/Documents/Misc/Code files/Repositories/FormMate/src/screens/ai-chat.ts:152:1]
 149 | 
 150 |   function init(wrapper) {
 151 |     const cleanupLayout = initLayout(wrapper, { screenId: 'ai-chat', zenSupported: true });
 152 | >>>>>>> Stashed changes:src/screens/ai-chat.js
     : ^^^^^^^
 153 | 
 154 |     const chatInput = wrapper.querySelector('#chat-input');
 154 |     const btnSend = wrapper.querySelector('#btn-send');
     `----
  x Merge conflict marker encountered.
     ,-[C:/Users/ngaremuki/OneDrive - NESTLE/Documents/Misc/Code files/Repositories/FormMate/src/screens/ai-chat.ts:249:1]
 246 |     });
 247 | 
 248 |     return () => {
 249 | <<<<<<< Updated upstream:src/screens/ai-chat.ts
     : ^^^^^^^
 250 |       cleanupRichActions?.();
 251 | =======
 251 | >>>>>>> Stashed changes:src/screens/ai-chat.js
     `----
  x Merge conflict marker encountered.
     ,-[C:/Users/ngaremuki/OneDrive - NESTLE/Documents/Misc/Code files/Repositories/FormMate/src/screens/ai-chat.ts:251:1]
 248 |     return () => {
 249 | <<<<<<< Updated upstream:src/screens/ai-chat.ts
 250 |       cleanupRichActions?.();
 251 | =======
     : ^^^^^^^
 252 | >>>>>>> Stashed changes:src/screens/ai-chat.js
 253 |       cleanupLayout?.();
 253 |     };
     `----
  x Merge conflict marker encountered.
     ,-[C:/Users/ngaremuki/OneDrive - NESTLE/Documents/Misc/Code files/Repositories/FormMate/src/screens/ai-chat.ts:252:1]
 249 | <<<<<<< Updated upstream:src/screens/ai-chat.ts
 250 |       cleanupRichActions?.();
 251 | =======
 252 | >>>>>>> Stashed changes:src/screens/ai-chat.js
     : ^^^^^^^
 253 |       cleanupLayout?.();
 254 |     };
 254 |   }
     `----
  x Expected '}', got '<eof>'
     ,-[C:/Users/ngaremuki/OneDrive - NESTLE/Documents/Misc/Code files/Repositories/FormMate/src/screens/ai-chat.ts:258:4]
 256 | 
 257 |   return { html, init };
 258 | }
     `----


Caused by:
    Syntax Error
  Plugin: [35mvite:react-swc[39m
  File: [36mC:/Users/ngaremuki/OneDrive - NESTLE/Documents/Misc/Code files/Repositories/FormMate/src/screens/ai-chat.ts[39m
[2m12:59:07 PM[22m [31m[1m[vite][22m[39m [31m[2m(client)[22m[39m Pre-transform error:   x Merge conflict marker encountered.
   ,-[C:/Users/ngaremuki/OneDrive - NESTLE/Documents/Misc/Code files/Repositories/FormMate/src/screens/new-form.ts:6:1]
 3 | // FormMate — New Form Screen
 4 | // ═══════════════════════════════════════════
 5 | 
 6 | <<<<<<< Updated upstream:src/screens/new-form.ts
   : ^^^^^^^
 7 | import { getState, setState } from '../state';
 8 | import { getHomeScreenForUser, navigateTo, goBack } from '../router';
 8 | import { parseFormUrl, detectFormPlatform } from '../parser/form-parser';
   `----
  x Merge conflict marker encountered.
    ,-[C:/Users/ngaremuki/OneDrive - NESTLE/Documents/Misc/Code files/Repositories/FormMate/src/screens/new-form.ts:13:1]
 10 | import { normalizeSubmittedFormUrl } from '../parser/url-intake';
 11 | import { toast } from '../components/toast';
 12 | import { initAurora } from './Aurora';
 13 | =======
    : ^^^^^^^
 14 | import { getState, setState } from '../state.js';
 15 | import { getHomeScreenForUser, navigateTo, goBack } from '../router.js';
 15 | import { parseFormUrl, detectFormPlatform } from '../parser/form-parser.js';
    `----
  x Merge conflict marker encountered.
    ,-[C:/Users/ngaremuki/OneDrive - NESTLE/Documents/Misc/Code files/Repositories/FormMate/src/screens/new-form.ts:20:1]
 17 | import { toast } from '../components/toast.js';
 18 | import { initZenMode, renderZenExitButton, renderZenToggle } from '../components/zen-mode.js';
 19 | import { initAurora } from './Aurora.js';
 20 | >>>>>>> Stashed changes:src/screens/new-form.js
    : ^^^^^^^
 21 | import './Aurora.css';
 22 | import { escapeHtml, safeHttpUrl } from '../utils/escape';
 22 | import { isZenModeEnabled, bindZenModeControls, openAccountModal } from '../components/layout';
    `----
  x Merge conflict marker encountered.
     ,-[C:/Users/ngaremuki/OneDrive - NESTLE/Documents/Misc/Code files/Repositories/FormMate/src/screens/new-form.ts:215:1]
 212 |     wrapper.querySelector('#btn-login')?.addEventListener('click', () => navigateTo('auth'));
 213 |     wrapper.querySelector('#btn-profile')?.addEventListener('click', () => openAccountModal('profile'));
 214 |     return () => {
 215 | <<<<<<< Updated upstream:src/screens/new-form.ts
     : ^^^^^^^
 216 |       cleanupZen?.();
 217 | =======
 217 |       cleanupZen();
     `----
  x Merge conflict marker encountered.
     ,-[C:/Users/ngaremuki/OneDrive - NESTLE/Documents/Misc/Code files/Repositories/FormMate/src/screens/new-form.ts:217:1]
 214 |     return () => {
 215 | <<<<<<< Updated upstream:src/screens/new-form.ts
 216 |       cleanupZen?.();
 217 | =======
     : ^^^^^^^
 218 |       cleanupZen();
 219 | >>>>>>> Stashed changes:src/screens/new-form.js
 219 |       if (cleanupAurora) cleanupAurora();
     `----
  x Merge conflict marker encountered.
     ,-[C:/Users/ngaremuki/OneDrive - NESTLE/Documents/Misc/Code files/Repositories/FormMate/src/screens/new-form.ts:219:1]
 216 |       cleanupZen?.();
 217 | =======
 218 |       cleanupZen();
 219 | >>>>>>> Stashed changes:src/screens/new-form.js
     : ^^^^^^^
 220 |       if (cleanupAurora) cleanupAurora();
 221 |     };
 221 |   }
     `----


Caused by:
    Syntax Error
  Plugin: [35mvite:react-swc[39m
  File: [36mC:/Users/ngaremuki/OneDrive - NESTLE/Documents/Misc/Code files/Repositories/FormMate/src/screens/new-form.ts[39m
[2m12:59:12 PM[22m [31m[1m[vite][22m[39m [31mInternal server error:   x Merge conflict marker encountered.
   ,-[C:/Users/ngaremuki/OneDrive - NESTLE/Documents/Misc/Code files/Repositories/FormMate/src/screens/new-form.ts:6:1]
 3 | // FormMate — New Form Screen
 4 | // ═══════════════════════════════════════════
 5 | 
 6 | <<<<<<< Updated upstream:src/screens/new-form.ts
   : ^^^^^^^
 7 | import { getState, setState } from '../state';
 8 | import { getHomeScreenForUser, navigateTo, goBack } from '../router';
 8 | import { parseFormUrl, detectFormPlatform } from '../parser/form-parser';
   `----
  x Merge conflict marker encountered.
    ,-[C:/Users/ngaremuki/OneDrive - NESTLE/Documents/Misc/Code files/Repositories/FormMate/src/screens/new-form.ts:13:1]
 10 | import { normalizeSubmittedFormUrl } from '../parser/url-intake';
 11 | import { toast } from '../components/toast';
 12 | import { initAurora } from './Aurora';
 13 | =======
    : ^^^^^^^
 14 | import { getState, setState } from '../state.js';
 15 | import { getHomeScreenForUser, navigateTo, goBack } from '../router.js';
 15 | import { parseFormUrl, detectFormPlatform } from '../parser/form-parser.js';
    `----
  x Merge conflict marker encountered.
    ,-[C:/Users/ngaremuki/OneDrive - NESTLE/Documents/Misc/Code files/Repositories/FormMate/src/screens/new-form.ts:20:1]
 17 | import { toast } from '../components/toast.js';
 18 | import { initZenMode, renderZenExitButton, renderZenToggle } from '../components/zen-mode.js';
 19 | import { initAurora } from './Aurora.js';
 20 | >>>>>>> Stashed changes:src/screens/new-form.js
    : ^^^^^^^
 21 | import './Aurora.css';
 22 | import { escapeHtml, safeHttpUrl } from '../utils/escape';
 22 | import { isZenModeEnabled, bindZenModeControls, openAccountModal } from '../components/layout';
    `----
  x Merge conflict marker encountered.
     ,-[C:/Users/ngaremuki/OneDrive - NESTLE/Documents/Misc/Code files/Repositories/FormMate/src/screens/new-form.ts:215:1]
 212 |     wrapper.querySelector('#btn-login')?.addEventListener('click', () => navigateTo('auth'));
 213 |     wrapper.querySelector('#btn-profile')?.addEventListener('click', () => openAccountModal('profile'));
 214 |     return () => {
 215 | <<<<<<< Updated upstream:src/screens/new-form.ts
     : ^^^^^^^
 216 |       cleanupZen?.();
 217 | =======
 217 |       cleanupZen();
     `----
  x Merge conflict marker encountered.
     ,-[C:/Users/ngaremuki/OneDrive - NESTLE/Documents/Misc/Code files/Repositories/FormMate/src/screens/new-form.ts:217:1]
 214 |     return () => {
 215 | <<<<<<< Updated upstream:src/screens/new-form.ts
 216 |       cleanupZen?.();
 217 | =======
     : ^^^^^^^
 218 |       cleanupZen();
 219 | >>>>>>> Stashed changes:src/screens/new-form.js
 219 |       if (cleanupAurora) cleanupAurora();
     `----
  x Merge conflict marker encountered.
     ,-[C:/Users/ngaremuki/OneDrive - NESTLE/Documents/Misc/Code files/Repositories/FormMate/src/screens/new-form.ts:219:1]
 216 |       cleanupZen?.();
 217 | =======
 218 |       cleanupZen();
 219 | >>>>>>> Stashed changes:src/screens/new-form.js
     : ^^^^^^^
 220 |       if (cleanupAurora) cleanupAurora();
 221 |     };
 221 |   }
     `----


Caused by:
    Syntax Error[39m
  Plugin: [35mvite:react-swc[39m
  File: [36mC:/Users/ngaremuki/OneDrive - NESTLE/Documents/Misc/Code files/Repositories/FormMate/src/screens/new-form.ts[39m
  
[2m12:59:12 PM[22m [31m[1m[vite][22m[39m [31mInternal server error:   x Merge conflict marker encountered.
     ,-[C:/Users/ngaremuki/OneDrive - NESTLE/Documents/Misc/Code files/Repositories/FormMate/src/screens/history.ts:144:1]
 141 |     </div>
 142 |   `;
 143 | 
 144 | <<<<<<< Updated upstream:src/screens/history.ts
     : ^^^^^^^
 145 |   const html = withLayout('history', historyContent, {
 146 |     zenMode: { screenId: 'history' },
 146 |     shellClassName: 'zen-layout-shell',
     `----
  x Merge conflict marker encountered.
     ,-[C:/Users/ngaremuki/OneDrive - NESTLE/Documents/Misc/Code files/Repositories/FormMate/src/screens/history.ts:153:1]
 150 | 
 151 |   function init(wrapper) {
 152 |     const cleanupLayout = initLayout(wrapper, { zenMode: { screenId: 'history' } });
 153 | =======
     : ^^^^^^^
 154 |   const html = withLayout('history', historyContent, { zenSupported: true });
 155 | 
 155 |   function init(wrapper) {
     `----
  x Merge conflict marker encountered.
     ,-[C:/Users/ngaremuki/OneDrive - NESTLE/Documents/Misc/Code files/Repositories/FormMate/src/screens/history.ts:158:1]
 155 | 
 156 |   function init(wrapper) {
 157 |     const cleanupLayout = initLayout(wrapper, { screenId: 'history', zenSupported: true });
 158 | >>>>>>> Stashed changes:src/screens/history.js
     : ^^^^^^^
 159 | 
 160 |     wrapper.querySelector('#btn-export-all')?.addEventListener('click', () => {
 160 |       navigateTo('docs');
     `----
  x Expected '}', got '<eof>'
     ,-[C:/Users/ngaremuki/OneDrive - NESTLE/Documents/Misc/Code files/Repositories/FormMate/src/screens/history.ts:170:4]
 168 | 
 169 |   return { html, init };
 170 | }
     `----


Caused by:
    Syntax Error[39m
  Plugin: [35mvite:react-swc[39m
  File: [36mC:/Users/ngaremuki/OneDrive - NESTLE/Documents/Misc/Code files/Repositories/FormMate/src/screens/history.ts[39m
  
[2m12:59:12 PM[22m [31m[1m[vite][22m[39m [31mInternal server error:   x Merge conflict marker encountered.
     ,-[C:/Users/ngaremuki/OneDrive - NESTLE/Documents/Misc/Code files/Repositories/FormMate/src/screens/ai-chat.ts:138:1]
 135 |     </div>
 136 |   `;
 137 | 
 138 | <<<<<<< Updated upstream:src/screens/ai-chat.ts
     : ^^^^^^^
 139 |   const html = withLayout('ai-chat', chatContent, {
 140 |     zenMode: { screenId: 'ai-chat' },
 140 |     shellClassName: 'zen-layout-shell',
     `----
  x Merge conflict marker encountered.
     ,-[C:/Users/ngaremuki/OneDrive - NESTLE/Documents/Misc/Code files/Repositories/FormMate/src/screens/ai-chat.ts:147:1]
 144 | 
 145 |   function init(wrapper) {
 146 |     const cleanupLayout = initLayout(wrapper, { zenMode: { screenId: 'ai-chat' } });
 147 | =======
     : ^^^^^^^
 148 |   const html = withLayout('ai-chat', chatContent, { zenSupported: true });
 149 | 
 149 |   function init(wrapper) {
     `----
  x Merge conflict marker encountered.
     ,-[C:/Users/ngaremuki/OneDrive - NESTLE/Documents/Misc/Code files/Repositories/FormMate/src/screens/ai-chat.ts:152:1]
 149 | 
 150 |   function init(wrapper) {
 151 |     const cleanupLayout = initLayout(wrapper, { screenId: 'ai-chat', zenSupported: true });
 152 | >>>>>>> Stashed changes:src/screens/ai-chat.js
     : ^^^^^^^
 153 | 
 154 |     const chatInput = wrapper.querySelector('#chat-input');
 154 |     const btnSend = wrapper.querySelector('#btn-send');
     `----
  x Merge conflict marker encountered.
     ,-[C:/Users/ngaremuki/OneDrive - NESTLE/Documents/Misc/Code files/Repositories/FormMate/src/screens/ai-chat.ts:249:1]
 246 |     });
 247 | 
 248 |     return () => {
 249 | <<<<<<< Updated upstream:src/screens/ai-chat.ts
     : ^^^^^^^
 250 |       cleanupRichActions?.();
 251 | =======
 251 | >>>>>>> Stashed changes:src/screens/ai-chat.js
     `----
  x Merge conflict marker encountered.
     ,-[C:/Users/ngaremuki/OneDrive - NESTLE/Documents/Misc/Code files/Repositories/FormMate/src/screens/ai-chat.ts:251:1]
 248 |     return () => {
 249 | <<<<<<< Updated upstream:src/screens/ai-chat.ts
 250 |       cleanupRichActions?.();
 251 | =======
     : ^^^^^^^
 252 | >>>>>>> Stashed changes:src/screens/ai-chat.js
 253 |       cleanupLayout?.();
 253 |     };
     `----
  x Merge conflict marker encountered.
     ,-[C:/Users/ngaremuki/OneDrive - NESTLE/Documents/Misc/Code files/Repositories/FormMate/src/screens/ai-chat.ts:252:1]
 249 | <<<<<<< Updated upstream:src/screens/ai-chat.ts
 250 |       cleanupRichActions?.();
 251 | =======
 252 | >>>>>>> Stashed changes:src/screens/ai-chat.js
     : ^^^^^^^
 253 |       cleanupLayout?.();
 254 |     };
 254 |   }
     `----
  x Expected '}', got '<eof>'
     ,-[C:/Users/ngaremuki/OneDrive - NESTLE/Documents/Misc/Code files/Repositories/FormMate/src/screens/ai-chat.ts:258:4]
 256 | 
 257 |   return { html, init };
 258 | }
     `----


Caused by:
    Syntax Error[39m
  Plugin: [35mvite:react-swc[39m
  File: [36mC:/Users/ngaremuki/OneDrive - NESTLE/Documents/Misc/Code files/Repositories/FormMate/src/screens/ai-chat.ts[39m
  
[2m1:02:02 PM[22m [36m[1m[vite][22m[39m [90m[2m(client)[22m[39m [32mhmr update [39m[2m/src/App.tsx[22m
[2m1:02:02 PM[22m [31m[1m[vite][22m[39m [31m[2m(client)[22m[39m Pre-transform error:   x Merge conflict marker encountered.
     ,-[C:/Users/ngaremuki/OneDrive - NESTLE/Documents/Misc/Code files/Repositories/FormMate/src/screens/history.ts:144:1]
 141 |     </div>
 142 |   `;
 143 | 
 144 | <<<<<<< Updated upstream:src/screens/history.ts
     : ^^^^^^^
 145 |   const html = withLayout('history', historyContent, {
 146 |     zenMode: { screenId: 'history' },
 146 |     shellClassName: 'zen-layout-shell',
     `----
  x Merge conflict marker encountered.
     ,-[C:/Users/ngaremuki/OneDrive - NESTLE/Documents/Misc/Code files/Repositories/FormMate/src/screens/history.ts:153:1]
 150 | 
 151 |   function init(wrapper) {
 152 |     const cleanupLayout = initLayout(wrapper, { zenMode: { screenId: 'history' } });
 153 | =======
     : ^^^^^^^
 154 |   const html = withLayout('history', historyContent, { zenSupported: true });
 155 | 
 155 |   function init(wrapper) {
     `----
  x Merge conflict marker encountered.
     ,-[C:/Users/ngaremuki/OneDrive - NESTLE/Documents/Misc/Code files/Repositories/FormMate/src/screens/history.ts:158:1]
 155 | 
 156 |   function init(wrapper) {
 157 |     const cleanupLayout = initLayout(wrapper, { screenId: 'history', zenSupported: true });
 158 | >>>>>>> Stashed changes:src/screens/history.js
     : ^^^^^^^
 159 | 
 160 |     wrapper.querySelector('#btn-export-all')?.addEventListener('click', () => {
 160 |       navigateTo('docs');
     `----
  x Expected '}', got '<eof>'
     ,-[C:/Users/ngaremuki/OneDrive - NESTLE/Documents/Misc/Code files/Repositories/FormMate/src/screens/history.ts:170:4]
 168 | 
 169 |   return { html, init };
 170 | }
     `----


Caused by:
    Syntax Error
  Plugin: [35mvite:react-swc[39m
  File: [36mC:/Users/ngaremuki/OneDrive - NESTLE/Documents/Misc/Code files/Repositories/FormMate/src/screens/history.ts[39m
[2m1:02:02 PM[22m [31m[1m[vite][22m[39m [31m[2m(client)[22m[39m Pre-transform error:   x Merge conflict marker encountered.
   ,-[C:/Users/ngaremuki/OneDrive - NESTLE/Documents/Misc/Code files/Repositories/FormMate/src/screens/new-form.ts:6:1]
 3 | // FormMate — New Form Screen
 4 | // ═══════════════════════════════════════════
 5 | 
 6 | <<<<<<< Updated upstream:src/screens/new-form.ts
   : ^^^^^^^
 7 | import { getState, setState } from '../state';
 8 | import { getHomeScreenForUser, navigateTo, goBack } from '../router';
 8 | import { parseFormUrl, detectFormPlatform } from '../parser/form-parser';
   `----
  x Merge conflict marker encountered.
    ,-[C:/Users/ngaremuki/OneDrive - NESTLE/Documents/Misc/Code files/Repositories/FormMate/src/screens/new-form.ts:13:1]
 10 | import { normalizeSubmittedFormUrl } from '../parser/url-intake';
 11 | import { toast } from '../components/toast';
 12 | import { initAurora } from './Aurora';
 13 | =======
    : ^^^^^^^
 14 | import { getState, setState } from '../state.js';
 15 | import { getHomeScreenForUser, navigateTo, goBack } from '../router.js';
 15 | import { parseFormUrl, detectFormPlatform } from '../parser/form-parser.js';
    `----
  x Merge conflict marker encountered.
    ,-[C:/Users/ngaremuki/OneDrive - NESTLE/Documents/Misc/Code files/Repositories/FormMate/src/screens/new-form.ts:20:1]
 17 | import { toast } from '../components/toast.js';
 18 | import { initZenMode, renderZenExitButton, renderZenToggle } from '../components/zen-mode.js';
 19 | import { initAurora } from './Aurora.js';
 20 | >>>>>>> Stashed changes:src/screens/new-form.js
    : ^^^^^^^
 21 | import './Aurora.css';
 22 | import { escapeHtml, safeHttpUrl } from '../utils/escape';
 22 | import { isZenModeEnabled, bindZenModeControls, openAccountModal } from '../components/layout';
    `----
  x Merge conflict marker encountered.
     ,-[C:/Users/ngaremuki/OneDrive - NESTLE/Documents/Misc/Code files/Repositories/FormMate/src/screens/new-form.ts:215:1]
 212 |     wrapper.querySelector('#btn-login')?.addEventListener('click', () => navigateTo('auth'));
 213 |     wrapper.querySelector('#btn-profile')?.addEventListener('click', () => openAccountModal('profile'));
 214 |     return () => {
 215 | <<<<<<< Updated upstream:src/screens/new-form.ts
     : ^^^^^^^
 216 |       cleanupZen?.();
 217 | =======
 217 |       cleanupZen();
     `----
  x Merge conflict marker encountered.
     ,-[C:/Users/ngaremuki/OneDrive - NESTLE/Documents/Misc/Code files/Repositories/FormMate/src/screens/new-form.ts:217:1]
 214 |     return () => {
 215 | <<<<<<< Updated upstream:src/screens/new-form.ts
 216 |       cleanupZen?.();
 217 | =======
     : ^^^^^^^
 218 |       cleanupZen();
 219 | >>>>>>> Stashed changes:src/screens/new-form.js
 219 |       if (cleanupAurora) cleanupAurora();
     `----
  x Merge conflict marker encountered.
     ,-[C:/Users/ngaremuki/OneDrive - NESTLE/Documents/Misc/Code files/Repositories/FormMate/src/screens/new-form.ts:219:1]
 216 |       cleanupZen?.();
 217 | =======
 218 |       cleanupZen();
 219 | >>>>>>> Stashed changes:src/screens/new-form.js
     : ^^^^^^^
 220 |       if (cleanupAurora) cleanupAurora();
 221 |     };
 221 |   }
     `----


Caused by:
    Syntax Error
  Plugin: [35mvite:react-swc[39m
  File: [36mC:/Users/ngaremuki/OneDrive - NESTLE/Documents/Misc/Code files/Repositories/FormMate/src/screens/new-form.ts[39m
[2m1:02:02 PM[22m [31m[1m[vite][22m[39m [31m[2m(client)[22m[39m Pre-transform error:   x Merge conflict marker encountered.
     ,-[C:/Users/ngaremuki/OneDrive - NESTLE/Documents/Misc/Code files/Repositories/FormMate/src/screens/ai-chat.ts:138:1]
 135 |     </div>
 136 |   `;
 137 | 
 138 | <<<<<<< Updated upstream:src/screens/ai-chat.ts
     : ^^^^^^^
 139 |   const html = withLayout('ai-chat', chatContent, {
 140 |     zenMode: { screenId: 'ai-chat' },
 140 |     shellClassName: 'zen-layout-shell',
     `----
  x Merge conflict marker encountered.
     ,-[C:/Users/ngaremuki/OneDrive - NESTLE/Documents/Misc/Code files/Repositories/FormMate/src/screens/ai-chat.ts:147:1]
 144 | 
 145 |   function init(wrapper) {
 146 |     const cleanupLayout = initLayout(wrapper, { zenMode: { screenId: 'ai-chat' } });
 147 | =======
     : ^^^^^^^
 148 |   const html = withLayout('ai-chat', chatContent, { zenSupported: true });
 149 | 
 149 |   function init(wrapper) {
     `----
  x Merge conflict marker encountered.
     ,-[C:/Users/ngaremuki/OneDrive - NESTLE/Documents/Misc/Code files/Repositories/FormMate/src/screens/ai-chat.ts:152:1]
 149 | 
 150 |   function init(wrapper) {
 151 |     const cleanupLayout = initLayout(wrapper, { screenId: 'ai-chat', zenSupported: true });
 152 | >>>>>>> Stashed changes:src/screens/ai-chat.js
     : ^^^^^^^
 153 | 
 154 |     const chatInput = wrapper.querySelector('#chat-input');
 154 |     const btnSend = wrapper.querySelector('#btn-send');
     `----
  x Merge conflict marker encountered.
     ,-[C:/Users/ngaremuki/OneDrive - NESTLE/Documents/Misc/Code files/Repositories/FormMate/src/screens/ai-chat.ts:249:1]
 246 |     });
 247 | 
 248 |     return () => {
 249 | <<<<<<< Updated upstream:src/screens/ai-chat.ts
     : ^^^^^^^
 250 |       cleanupRichActions?.();
 251 | =======
 251 | >>>>>>> Stashed changes:src/screens/ai-chat.js
     `----
  x Merge conflict marker encountered.
     ,-[C:/Users/ngaremuki/OneDrive - NESTLE/Documents/Misc/Code files/Repositories/FormMate/src/screens/ai-chat.ts:251:1]
 248 |     return () => {
 249 | <<<<<<< Updated upstream:src/screens/ai-chat.ts
 250 |       cleanupRichActions?.();
 251 | =======
     : ^^^^^^^
 252 | >>>>>>> Stashed changes:src/screens/ai-chat.js
 253 |       cleanupLayout?.();
 253 |     };
     `----
  x Merge conflict marker encountered.
     ,-[C:/Users/ngaremuki/OneDrive - NESTLE/Documents/Misc/Code files/Repositories/FormMate/src/screens/ai-chat.ts:252:1]
 249 | <<<<<<< Updated upstream:src/screens/ai-chat.ts
 250 |       cleanupRichActions?.();
 251 | =======
 252 | >>>>>>> Stashed changes:src/screens/ai-chat.js
     : ^^^^^^^
 253 |       cleanupLayout?.();
 254 |     };
 254 |   }
     `----
  x Expected '}', got '<eof>'
     ,-[C:/Users/ngaremuki/OneDrive - NESTLE/Documents/Misc/Code files/Repositories/FormMate/src/screens/ai-chat.ts:258:4]
 256 | 
 257 |   return { html, init };
 258 | }
     `----


Caused by:
    Syntax Error
  Plugin: [35mvite:react-swc[39m
  File: [36mC:/Users/ngaremuki/OneDrive - NESTLE/Documents/Misc/Code files/Repositories/FormMate/src/screens/ai-chat.ts[39m
[2m1:02:03 PM[22m [31m[1m[vite][22m[39m [31mInternal server error:   x Merge conflict marker encountered.
   ,-[C:/Users/ngaremuki/OneDrive - NESTLE/Documents/Misc/Code files/Repositories/FormMate/src/screens/new-form.ts:6:1]
 3 | // FormMate — New Form Screen
 4 | // ═══════════════════════════════════════════
 5 | 
 6 | <<<<<<< Updated upstream:src/screens/new-form.ts
   : ^^^^^^^
 7 | import { getState, setState } from '../state';
 8 | import { getHomeScreenForUser, navigateTo, goBack } from '../router';
 8 | import { parseFormUrl, detectFormPlatform } from '../parser/form-parser';
   `----
  x Merge conflict marker encountered.
    ,-[C:/Users/ngaremuki/OneDrive - NESTLE/Documents/Misc/Code files/Repositories/FormMate/src/screens/new-form.ts:13:1]
 10 | import { normalizeSubmittedFormUrl } from '../parser/url-intake';
 11 | import { toast } from '../components/toast';
 12 | import { initAurora } from './Aurora';
 13 | =======
    : ^^^^^^^
 14 | import { getState, setState } from '../state.js';
 15 | import { getHomeScreenForUser, navigateTo, goBack } from '../router.js';
 15 | import { parseFormUrl, detectFormPlatform } from '../parser/form-parser.js';
    `----
  x Merge conflict marker encountered.
    ,-[C:/Users/ngaremuki/OneDrive - NESTLE/Documents/Misc/Code files/Repositories/FormMate/src/screens/new-form.ts:20:1]
 17 | import { toast } from '../components/toast.js';
 18 | import { initZenMode, renderZenExitButton, renderZenToggle } from '../components/zen-mode.js';
 19 | import { initAurora } from './Aurora.js';
 20 | >>>>>>> Stashed changes:src/screens/new-form.js
    : ^^^^^^^
 21 | import './Aurora.css';
 22 | import { escapeHtml, safeHttpUrl } from '../utils/escape';
 22 | import { isZenModeEnabled, bindZenModeControls, openAccountModal } from '../components/layout';
    `----
  x Merge conflict marker encountered.
     ,-[C:/Users/ngaremuki/OneDrive - NESTLE/Documents/Misc/Code files/Repositories/FormMate/src/screens/new-form.ts:215:1]
 212 |     wrapper.querySelector('#btn-login')?.addEventListener('click', () => navigateTo('auth'));
 213 |     wrapper.querySelector('#btn-profile')?.addEventListener('click', () => openAccountModal('profile'));
 214 |     return () => {
 215 | <<<<<<< Updated upstream:src/screens/new-form.ts
     : ^^^^^^^
 216 |       cleanupZen?.();
 217 | =======
 217 |       cleanupZen();
     `----
  x Merge conflict marker encountered.
     ,-[C:/Users/ngaremuki/OneDrive - NESTLE/Documents/Misc/Code files/Repositories/FormMate/src/screens/new-form.ts:217:1]
 214 |     return () => {
 215 | <<<<<<< Updated upstream:src/screens/new-form.ts
 216 |       cleanupZen?.();
 217 | =======
     : ^^^^^^^
 218 |       cleanupZen();
 219 | >>>>>>> Stashed changes:src/screens/new-form.js
 219 |       if (cleanupAurora) cleanupAurora();
     `----
  x Merge conflict marker encountered.
     ,-[C:/Users/ngaremuki/OneDrive - NESTLE/Documents/Misc/Code files/Repositories/FormMate/src/screens/new-form.ts:219:1]
 216 |       cleanupZen?.();
 217 | =======
 218 |       cleanupZen();
 219 | >>>>>>> Stashed changes:src/screens/new-form.js
     : ^^^^^^^
 220 |       if (cleanupAurora) cleanupAurora();
 221 |     };
 221 |   }
     `----


Caused by:
    Syntax Error[39m
  Plugin: [35mvite:react-swc[39m
  File: [36mC:/Users/ngaremuki/OneDrive - NESTLE/Documents/Misc/Code files/Repositories/FormMate/src/screens/new-form.ts[39m
  
[2m1:02:03 PM[22m [31m[1m[vite][22m[39m [31mInternal server error:   x Merge conflict marker encountered.
     ,-[C:/Users/ngaremuki/OneDrive - NESTLE/Documents/Misc/Code files/Repositories/FormMate/src/screens/ai-chat.ts:138:1]
 135 |     </div>
 136 |   `;
 137 | 
 138 | <<<<<<< Updated upstream:src/screens/ai-chat.ts
     : ^^^^^^^
 139 |   const html = withLayout('ai-chat', chatContent, {
 140 |     zenMode: { screenId: 'ai-chat' },
 140 |     shellClassName: 'zen-layout-shell',
     `----
  x Merge conflict marker encountered.
     ,-[C:/Users/ngaremuki/OneDrive - NESTLE/Documents/Misc/Code files/Repositories/FormMate/src/screens/ai-chat.ts:147:1]
 144 | 
 145 |   function init(wrapper) {
 146 |     const cleanupLayout = initLayout(wrapper, { zenMode: { screenId: 'ai-chat' } });
 147 | =======
     : ^^^^^^^
 148 |   const html = withLayout('ai-chat', chatContent, { zenSupported: true });
 149 | 
 149 |   function init(wrapper) {
     `----
  x Merge conflict marker encountered.
     ,-[C:/Users/ngaremuki/OneDrive - NESTLE/Documents/Misc/Code files/Repositories/FormMate/src/screens/ai-chat.ts:152:1]
 149 | 
 150 |   function init(wrapper) {
 151 |     const cleanupLayout = initLayout(wrapper, { screenId: 'ai-chat', zenSupported: true });
 152 | >>>>>>> Stashed changes:src/screens/ai-chat.js
     : ^^^^^^^
 153 | 
 154 |     const chatInput = wrapper.querySelector('#chat-input');
 154 |     const btnSend = wrapper.querySelector('#btn-send');
     `----
  x Merge conflict marker encountered.
     ,-[C:/Users/ngaremuki/OneDrive - NESTLE/Documents/Misc/Code files/Repositories/FormMate/src/screens/ai-chat.ts:249:1]
 246 |     });
 247 | 
 248 |     return () => {
 249 | <<<<<<< Updated upstream:src/screens/ai-chat.ts
     : ^^^^^^^
 250 |       cleanupRichActions?.();
 251 | =======
 251 | >>>>>>> Stashed changes:src/screens/ai-chat.js
     `----
  x Merge conflict marker encountered.
     ,-[C:/Users/ngaremuki/OneDrive - NESTLE/Documents/Misc/Code files/Repositories/FormMate/src/screens/ai-chat.ts:251:1]
 248 |     return () => {
 249 | <<<<<<< Updated upstream:src/screens/ai-chat.ts
 250 |       cleanupRichActions?.();
 251 | =======
     : ^^^^^^^
 252 | >>>>>>> Stashed changes:src/screens/ai-chat.js
 253 |       cleanupLayout?.();
 253 |     };
     `----
  x Merge conflict marker encountered.
     ,-[C:/Users/ngaremuki/OneDrive - NESTLE/Documents/Misc/Code files/Repositories/FormMate/src/screens/ai-chat.ts:252:1]
 249 | <<<<<<< Updated upstream:src/screens/ai-chat.ts
 250 |       cleanupRichActions?.();
 251 | =======
 252 | >>>>>>> Stashed changes:src/screens/ai-chat.js
     : ^^^^^^^
 253 |       cleanupLayout?.();
 254 |     };
 254 |   }
     `----
  x Expected '}', got '<eof>'
     ,-[C:/Users/ngaremuki/OneDrive - NESTLE/Documents/Misc/Code files/Repositories/FormMate/src/screens/ai-chat.ts:258:4]
 256 | 
 257 |   return { html, init };
 258 | }
     `----


Caused by:
    Syntax Error[39m
  Plugin: [35mvite:react-swc[39m
  File: [36mC:/Users/ngaremuki/OneDrive - NESTLE/Documents/Misc/Code files/Repositories/FormMate/src/screens/ai-chat.ts[39m
  
[2m1:02:03 PM[22m [31m[1m[vite][22m[39m [31mInternal server error:   x Merge conflict marker encountered.
     ,-[C:/Users/ngaremuki/OneDrive - NESTLE/Documents/Misc/Code files/Repositories/FormMate/src/screens/history.ts:144:1]
 141 |     </div>
 142 |   `;
 143 | 
 144 | <<<<<<< Updated upstream:src/screens/history.ts
     : ^^^^^^^
 145 |   const html = withLayout('history', historyContent, {
 146 |     zenMode: { screenId: 'history' },
 146 |     shellClassName: 'zen-layout-shell',
     `----
  x Merge conflict marker encountered.
     ,-[C:/Users/ngaremuki/OneDrive - NESTLE/Documents/Misc/Code files/Repositories/FormMate/src/screens/history.ts:153:1]
 150 | 
 151 |   function init(wrapper) {
 152 |     const cleanupLayout = initLayout(wrapper, { zenMode: { screenId: 'history' } });
 153 | =======
     : ^^^^^^^
 154 |   const html = withLayout('history', historyContent, { zenSupported: true });
 155 | 
 155 |   function init(wrapper) {
     `----
  x Merge conflict marker encountered.
     ,-[C:/Users/ngaremuki/OneDrive - NESTLE/Documents/Misc/Code files/Repositories/FormMate/src/screens/history.ts:158:1]
 155 | 
 156 |   function init(wrapper) {
 157 |     const cleanupLayout = initLayout(wrapper, { screenId: 'history', zenSupported: true });
 158 | >>>>>>> Stashed changes:src/screens/history.js
     : ^^^^^^^
 159 | 
 160 |     wrapper.querySelector('#btn-export-all')?.addEventListener('click', () => {
 160 |       navigateTo('docs');
     `----
  x Expected '}', got '<eof>'
     ,-[C:/Users/ngaremuki/OneDrive - NESTLE/Documents/Misc/Code files/Repositories/FormMate/src/screens/history.ts:170:4]
 168 | 
 169 |   return { html, init };
 170 | }
     `----


Caused by:
    Syntax Error[39m
  Plugin: [35mvite:react-swc[39m
  File: [36mC:/Users/ngaremuki/OneDrive - NESTLE/Documents/Misc/Code files/Repositories/FormMate/src/screens/history.ts[39m
  
[2m1:02:38 PM[22m [36m[1m[vite][22m[39m [90m[2m(client)[22m[39m [32mhmr update [39m[2m/src/App.tsx[22m
[2m1:02:38 PM[22m [31m[1m[vite][22m[39m [31m[2m(client)[22m[39m Pre-transform error:   x Merge conflict marker encountered.
   ,-[C:/Users/ngaremuki/OneDrive - NESTLE/Documents/Misc/Code files/Repositories/FormMate/src/screens/new-form.ts:6:1]
 3 | // FormMate — New Form Screen
 4 | // ═══════════════════════════════════════════
 5 | 
 6 | <<<<<<< Updated upstream:src/screens/new-form.ts
   : ^^^^^^^
 7 | import { getState, setState } from '../state';
 8 | import { getHomeScreenForUser, navigateTo, goBack } from '../router';
 8 | import { parseFormUrl, detectFormPlatform } from '../parser/form-parser';
   `----
  x Merge conflict marker encountered.
    ,-[C:/Users/ngaremuki/OneDrive - NESTLE/Documents/Misc/Code files/Repositories/FormMate/src/screens/new-form.ts:13:1]
 10 | import { normalizeSubmittedFormUrl } from '../parser/url-intake';
 11 | import { toast } from '../components/toast';
 12 | import { initAurora } from './Aurora';
 13 | =======
    : ^^^^^^^
 14 | import { getState, setState } from '../state.js';
 15 | import { getHomeScreenForUser, navigateTo, goBack } from '../router.js';
 15 | import { parseFormUrl, detectFormPlatform } from '../parser/form-parser.js';
    `----
  x Merge conflict marker encountered.
    ,-[C:/Users/ngaremuki/OneDrive - NESTLE/Documents/Misc/Code files/Repositories/FormMate/src/screens/new-form.ts:20:1]
 17 | import { toast } from '../components/toast.js';
 18 | import { initZenMode, renderZenExitButton, renderZenToggle } from '../components/zen-mode.js';
 19 | import { initAurora } from './Aurora.js';
 20 | >>>>>>> Stashed changes:src/screens/new-form.js
    : ^^^^^^^
 21 | import './Aurora.css';
 22 | import { escapeHtml, safeHttpUrl } from '../utils/escape';
 22 | import { isZenModeEnabled, bindZenModeControls, openAccountModal } from '../components/layout';
    `----
  x Merge conflict marker encountered.
     ,-[C:/Users/ngaremuki/OneDrive - NESTLE/Documents/Misc/Code files/Repositories/FormMate/src/screens/new-form.ts:215:1]
 212 |     wrapper.querySelector('#btn-login')?.addEventListener('click', () => navigateTo('auth'));
 213 |     wrapper.querySelector('#btn-profile')?.addEventListener('click', () => openAccountModal('profile'));
 214 |     return () => {
 215 | <<<<<<< Updated upstream:src/screens/new-form.ts
     : ^^^^^^^
 216 |       cleanupZen?.();
 217 | =======
 217 |       cleanupZen();
     `----
  x Merge conflict marker encountered.
     ,-[C:/Users/ngaremuki/OneDrive - NESTLE/Documents/Misc/Code files/Repositories/FormMate/src/screens/new-form.ts:217:1]
 214 |     return () => {
 215 | <<<<<<< Updated upstream:src/screens/new-form.ts
 216 |       cleanupZen?.();
 217 | =======
     : ^^^^^^^
 218 |       cleanupZen();
 219 | >>>>>>> Stashed changes:src/screens/new-form.js
 219 |       if (cleanupAurora) cleanupAurora();
     `----
  x Merge conflict marker encountered.
     ,-[C:/Users/ngaremuki/OneDrive - NESTLE/Documents/Misc/Code files/Repositories/FormMate/src/screens/new-form.ts:219:1]
 216 |       cleanupZen?.();
 217 | =======
 218 |       cleanupZen();
 219 | >>>>>>> Stashed changes:src/screens/new-form.js
     : ^^^^^^^
 220 |       if (cleanupAurora) cleanupAurora();
 221 |     };
 221 |   }
     `----


Caused by:
    Syntax Error
  Plugin: [35mvite:react-swc[39m
  File: [36mC:/Users/ngaremuki/OneDrive - NESTLE/Documents/Misc/Code files/Repositories/FormMate/src/screens/new-form.ts[39m
[2m1:02:38 PM[22m [31m[1m[vite][22m[39m [31m[2m(client)[22m[39m Pre-transform error:   x Merge conflict marker encountered.
     ,-[C:/Users/ngaremuki/OneDrive - NESTLE/Documents/Misc/Code files/Repositories/FormMate/src/screens/history.ts:144:1]
 141 |     </div>
 142 |   `;
 143 | 
 144 | <<<<<<< Updated upstream:src/screens/history.ts
     : ^^^^^^^
 145 |   const html = withLayout('history', historyContent, {
 146 |     zenMode: { screenId: 'history' },
 146 |     shellClassName: 'zen-layout-shell',
     `----
  x Merge conflict marker encountered.
     ,-[C:/Users/ngaremuki/OneDrive - NESTLE/Documents/Misc/Code files/Repositories/FormMate/src/screens/history.ts:153:1]
 150 | 
 151 |   function init(wrapper) {
 152 |     const cleanupLayout = initLayout(wrapper, { zenMode: { screenId: 'history' } });
 153 | =======
     : ^^^^^^^
 154 |   const html = withLayout('history', historyContent, { zenSupported: true });
 155 | 
 155 |   function init(wrapper) {
     `----
  x Merge conflict marker encountered.
     ,-[C:/Users/ngaremuki/OneDrive - NESTLE/Documents/Misc/Code files/Repositories/FormMate/src/screens/history.ts:158:1]
 155 | 
 156 |   function init(wrapper) {
 157 |     const cleanupLayout = initLayout(wrapper, { screenId: 'history', zenSupported: true });
 158 | >>>>>>> Stashed changes:src/screens/history.js
     : ^^^^^^^
 159 | 
 160 |     wrapper.querySelector('#btn-export-all')?.addEventListener('click', () => {
 160 |       navigateTo('docs');
     `----
  x Expected '}', got '<eof>'
     ,-[C:/Users/ngaremuki/OneDrive - NESTLE/Documents/Misc/Code files/Repositories/FormMate/src/screens/history.ts:170:4]
 168 | 
 169 |   return { html, init };
 170 | }
     `----


Caused by:
    Syntax Error
  Plugin: [35mvite:react-swc[39m
  File: [36mC:/Users/ngaremuki/OneDrive - NESTLE/Documents/Misc/Code files/Repositories/FormMate/src/screens/history.ts[39m
[2m1:02:38 PM[22m [31m[1m[vite][22m[39m [31m[2m(client)[22m[39m Pre-transform error:   x Merge conflict marker encountered.
     ,-[C:/Users/ngaremuki/OneDrive - NESTLE/Documents/Misc/Code files/Repositories/FormMate/src/screens/ai-chat.ts:138:1]
 135 |     </div>
 136 |   `;
 137 | 
 138 | <<<<<<< Updated upstream:src/screens/ai-chat.ts
     : ^^^^^^^
 139 |   const html = withLayout('ai-chat', chatContent, {
 140 |     zenMode: { screenId: 'ai-chat' },
 140 |     shellClassName: 'zen-layout-shell',
     `----
  x Merge conflict marker encountered.
     ,-[C:/Users/ngaremuki/OneDrive - NESTLE/Documents/Misc/Code files/Repositories/FormMate/src/screens/ai-chat.ts:147:1]
 144 | 
 145 |   function init(wrapper) {
 146 |     const cleanupLayout = initLayout(wrapper, { zenMode: { screenId: 'ai-chat' } });
 147 | =======
     : ^^^^^^^
 148 |   const html = withLayout('ai-chat', chatContent, { zenSupported: true });
 149 | 
 149 |   function init(wrapper) {
     `----
  x Merge conflict marker encountered.
     ,-[C:/Users/ngaremuki/OneDrive - NESTLE/Documents/Misc/Code files/Repositories/FormMate/src/screens/ai-chat.ts:152:1]
 149 | 
 150 |   function init(wrapper) {
 151 |     const cleanupLayout = initLayout(wrapper, { screenId: 'ai-chat', zenSupported: true });
 152 | >>>>>>> Stashed changes:src/screens/ai-chat.js
     : ^^^^^^^
 153 | 
 154 |     const chatInput = wrapper.querySelector('#chat-input');
 154 |     const btnSend = wrapper.querySelector('#btn-send');
     `----
  x Merge conflict marker encountered.
     ,-[C:/Users/ngaremuki/OneDrive - NESTLE/Documents/Misc/Code files/Repositories/FormMate/src/screens/ai-chat.ts:249:1]
 246 |     });
 247 | 
 248 |     return () => {
 249 | <<<<<<< Updated upstream:src/screens/ai-chat.ts
     : ^^^^^^^
 250 |       cleanupRichActions?.();
 251 | =======
 251 | >>>>>>> Stashed changes:src/screens/ai-chat.js
     `----
  x Merge conflict marker encountered.
     ,-[C:/Users/ngaremuki/OneDrive - NESTLE/Documents/Misc/Code files/Repositories/FormMate/src/screens/ai-chat.ts:251:1]
 248 |     return () => {
 249 | <<<<<<< Updated upstream:src/screens/ai-chat.ts
 250 |       cleanupRichActions?.();
 251 | =======
     : ^^^^^^^
 252 | >>>>>>> Stashed changes:src/screens/ai-chat.js
 253 |       cleanupLayout?.();
 253 |     };
     `----
  x Merge conflict marker encountered.
     ,-[C:/Users/ngaremuki/OneDrive - NESTLE/Documents/Misc/Code files/Repositories/FormMate/src/screens/ai-chat.ts:252:1]
 249 | <<<<<<< Updated upstream:src/screens/ai-chat.ts
 250 |       cleanupRichActions?.();
 251 | =======
 252 | >>>>>>> Stashed changes:src/screens/ai-chat.js
     : ^^^^^^^
 253 |       cleanupLayout?.();
 254 |     };
 254 |   }
     `----
  x Expected '}', got '<eof>'
     ,-[C:/Users/ngaremuki/OneDrive - NESTLE/Documents/Misc/Code files/Repositories/FormMate/src/screens/ai-chat.ts:258:4]
 256 | 
 257 |   return { html, init };
 258 | }
     `----


Caused by:
    Syntax Error
  Plugin: [35mvite:react-swc[39m
  File: [36mC:/Users/ngaremuki/OneDrive - NESTLE/Documents/Misc/Code files/Repositories/FormMate/src/screens/ai-chat.ts[39m
[2m1:02:38 PM[22m [31m[1m[vite][22m[39m [31mInternal server error:   x Merge conflict marker encountered.
   ,-[C:/Users/ngaremuki/OneDrive - NESTLE/Documents/Misc/Code files/Repositories/FormMate/src/screens/new-form.ts:6:1]
 3 | // FormMate — New Form Screen
 4 | // ═══════════════════════════════════════════
 5 | 
 6 | <<<<<<< Updated upstream:src/screens/new-form.ts
   : ^^^^^^^
 7 | import { getState, setState } from '../state';
 8 | import { getHomeScreenForUser, navigateTo, goBack } from '../router';
 8 | import { parseFormUrl, detectFormPlatform } from '../parser/form-parser';
   `----
  x Merge conflict marker encountered.
    ,-[C:/Users/ngaremuki/OneDrive - NESTLE/Documents/Misc/Code files/Repositories/FormMate/src/screens/new-form.ts:13:1]
 10 | import { normalizeSubmittedFormUrl } from '../parser/url-intake';
 11 | import { toast } from '../components/toast';
 12 | import { initAurora } from './Aurora';
 13 | =======
    : ^^^^^^^
 14 | import { getState, setState } from '../state.js';
 15 | import { getHomeScreenForUser, navigateTo, goBack } from '../router.js';
 15 | import { parseFormUrl, detectFormPlatform } from '../parser/form-parser.js';
    `----
  x Merge conflict marker encountered.
    ,-[C:/Users/ngaremuki/OneDrive - NESTLE/Documents/Misc/Code files/Repositories/FormMate/src/screens/new-form.ts:20:1]
 17 | import { toast } from '../components/toast.js';
 18 | import { initZenMode, renderZenExitButton, renderZenToggle } from '../components/zen-mode.js';
 19 | import { initAurora } from './Aurora.js';
 20 | >>>>>>> Stashed changes:src/screens/new-form.js
    : ^^^^^^^
 21 | import './Aurora.css';
 22 | import { escapeHtml, safeHttpUrl } from '../utils/escape';
 22 | import { isZenModeEnabled, bindZenModeControls, openAccountModal } from '../components/layout';
    `----
  x Merge conflict marker encountered.
     ,-[C:/Users/ngaremuki/OneDrive - NESTLE/Documents/Misc/Code files/Repositories/FormMate/src/screens/new-form.ts:215:1]
 212 |     wrapper.querySelector('#btn-login')?.addEventListener('click', () => navigateTo('auth'));
 213 |     wrapper.querySelector('#btn-profile')?.addEventListener('click', () => openAccountModal('profile'));
 214 |     return () => {
 215 | <<<<<<< Updated upstream:src/screens/new-form.ts
     : ^^^^^^^
 216 |       cleanupZen?.();
 217 | =======
 217 |       cleanupZen();
     `----
  x Merge conflict marker encountered.
     ,-[C:/Users/ngaremuki/OneDrive - NESTLE/Documents/Misc/Code files/Repositories/FormMate/src/screens/new-form.ts:217:1]
 214 |     return () => {
 215 | <<<<<<< Updated upstream:src/screens/new-form.ts
 216 |       cleanupZen?.();
 217 | =======
     : ^^^^^^^
 218 |       cleanupZen();
 219 | >>>>>>> Stashed changes:src/screens/new-form.js
 219 |       if (cleanupAurora) cleanupAurora();
     `----
  x Merge conflict marker encountered.
     ,-[C:/Users/ngaremuki/OneDrive - NESTLE/Documents/Misc/Code files/Repositories/FormMate/src/screens/new-form.ts:219:1]
 216 |       cleanupZen?.();
 217 | =======
 218 |       cleanupZen();
 219 | >>>>>>> Stashed changes:src/screens/new-form.js
     : ^^^^^^^
 220 |       if (cleanupAurora) cleanupAurora();
 221 |     };
 221 |   }
     `----


Caused by:
    Syntax Error[39m
  Plugin: [35mvite:react-swc[39m
  File: [36mC:/Users/ngaremuki/OneDrive - NESTLE/Documents/Misc/Code files/Repositories/FormMate/src/screens/new-form.ts[39m
  
[2m1:02:38 PM[22m [31m[1m[vite][22m[39m [31mInternal server error:   x Merge conflict marker encountered.
     ,-[C:/Users/ngaremuki/OneDrive - NESTLE/Documents/Misc/Code files/Repositories/FormMate/src/screens/ai-chat.ts:138:1]
 135 |     </div>
 136 |   `;
 137 | 
 138 | <<<<<<< Updated upstream:src/screens/ai-chat.ts
     : ^^^^^^^
 139 |   const html = withLayout('ai-chat', chatContent, {
 140 |     zenMode: { screenId: 'ai-chat' },
 140 |     shellClassName: 'zen-layout-shell',
     `----
  x Merge conflict marker encountered.
     ,-[C:/Users/ngaremuki/OneDrive - NESTLE/Documents/Misc/Code files/Repositories/FormMate/src/screens/ai-chat.ts:147:1]
 144 | 
 145 |   function init(wrapper) {
 146 |     const cleanupLayout = initLayout(wrapper, { zenMode: { screenId: 'ai-chat' } });
 147 | =======
     : ^^^^^^^
 148 |   const html = withLayout('ai-chat', chatContent, { zenSupported: true });
 149 | 
 149 |   function init(wrapper) {
     `----
  x Merge conflict marker encountered.
     ,-[C:/Users/ngaremuki/OneDrive - NESTLE/Documents/Misc/Code files/Repositories/FormMate/src/screens/ai-chat.ts:152:1]
 149 | 
 150 |   function init(wrapper) {
 151 |     const cleanupLayout = initLayout(wrapper, { screenId: 'ai-chat', zenSupported: true });
 152 | >>>>>>> Stashed changes:src/screens/ai-chat.js
     : ^^^^^^^
 153 | 
 154 |     const chatInput = wrapper.querySelector('#chat-input');
 154 |     const btnSend = wrapper.querySelector('#btn-send');
     `----
  x Merge conflict marker encountered.
     ,-[C:/Users/ngaremuki/OneDrive - NESTLE/Documents/Misc/Code files/Repositories/FormMate/src/screens/ai-chat.ts:249:1]
 246 |     });
 247 | 
 248 |     return () => {
 249 | <<<<<<< Updated upstream:src/screens/ai-chat.ts
     : ^^^^^^^
 250 |       cleanupRichActions?.();
 251 | =======
 251 | >>>>>>> Stashed changes:src/screens/ai-chat.js
     `----
  x Merge conflict marker encountered.
     ,-[C:/Users/ngaremuki/OneDrive - NESTLE/Documents/Misc/Code files/Repositories/FormMate/src/screens/ai-chat.ts:251:1]
 248 |     return () => {
 249 | <<<<<<< Updated upstream:src/screens/ai-chat.ts
 250 |       cleanupRichActions?.();
 251 | =======
     : ^^^^^^^
 252 | >>>>>>> Stashed changes:src/screens/ai-chat.js
 253 |       cleanupLayout?.();
 253 |     };
     `----
  x Merge conflict marker encountered.
     ,-[C:/Users/ngaremuki/OneDrive - NESTLE/Documents/Misc/Code files/Repositories/FormMate/src/screens/ai-chat.ts:252:1]
 249 | <<<<<<< Updated upstream:src/screens/ai-chat.ts
 250 |       cleanupRichActions?.();
 251 | =======
 252 | >>>>>>> Stashed changes:src/screens/ai-chat.js
     : ^^^^^^^
 253 |       cleanupLayout?.();
 254 |     };
 254 |   }
     `----
  x Expected '}', got '<eof>'
     ,-[C:/Users/ngaremuki/OneDrive - NESTLE/Documents/Misc/Code files/Repositories/FormMate/src/screens/ai-chat.ts:258:4]
 256 | 
 257 |   return { html, init };
 258 | }
     `----


Caused by:
    Syntax Error[39m
  Plugin: [35mvite:react-swc[39m
  File: [36mC:/Users/ngaremuki/OneDrive - NESTLE/Documents/Misc/Code files/Repositories/FormMate/src/screens/ai-chat.ts[39m
  
[2m1:02:39 PM[22m [31m[1m[vite][22m[39m [31mInternal server error:   x Merge conflict marker encountered.
     ,-[C:/Users/ngaremuki/OneDrive - NESTLE/Documents/Misc/Code files/Repositories/FormMate/src/screens/history.ts:144:1]
 141 |     </div>
 142 |   `;
 143 | 
 144 | <<<<<<< Updated upstream:src/screens/history.ts
     : ^^^^^^^
 145 |   const html = withLayout('history', historyContent, {
 146 |     zenMode: { screenId: 'history' },
 146 |     shellClassName: 'zen-layout-shell',
     `----
  x Merge conflict marker encountered.
     ,-[C:/Users/ngaremuki/OneDrive - NESTLE/Documents/Misc/Code files/Repositories/FormMate/src/screens/history.ts:153:1]
 150 | 
 151 |   function init(wrapper) {
 152 |     const cleanupLayout = initLayout(wrapper, { zenMode: { screenId: 'history' } });
 153 | =======
     : ^^^^^^^
 154 |   const html = withLayout('history', historyContent, { zenSupported: true });
 155 | 
 155 |   function init(wrapper) {
     `----
  x Merge conflict marker encountered.
     ,-[C:/Users/ngaremuki/OneDrive - NESTLE/Documents/Misc/Code files/Repositories/FormMate/src/screens/history.ts:158:1]
 155 | 
 156 |   function init(wrapper) {
 157 |     const cleanupLayout = initLayout(wrapper, { screenId: 'history', zenSupported: true });
 158 | >>>>>>> Stashed changes:src/screens/history.js
     : ^^^^^^^
 159 | 
 160 |     wrapper.querySelector('#btn-export-all')?.addEventListener('click', () => {
 160 |       navigateTo('docs');
     `----
  x Expected '}', got '<eof>'
     ,-[C:/Users/ngaremuki/OneDrive - NESTLE/Documents/Misc/Code files/Repositories/FormMate/src/screens/history.ts:170:4]
 168 | 
 169 |   return { html, init };
 170 | }
     `----


Caused by:
    Syntax Error[39m
  Plugin: [35mvite:react-swc[39m
  File: [36mC:/Users/ngaremuki/OneDrive - NESTLE/Documents/Misc/Code files/Repositories/FormMate/src/screens/history.ts[39m
  
[2m1:04:32 PM[22m [36m[1m[vite][22m[39m [90m[2m(client)[22m[39m [32mhmr update [39m[2m/src/styles.css[22m
[2m1:04:32 PM[22m [31m[1m[vite][22m[39m [31mInternal server error:   x Merge conflict marker encountered.
   ,-[C:/Users/ngaremuki/OneDrive - NESTLE/Documents/Misc/Code files/Repositories/FormMate/src/screens/new-form.ts:6:1]
 3 | // FormMate — New Form Screen
 4 | // ═══════════════════════════════════════════
 5 | 
 6 | <<<<<<< Updated upstream:src/screens/new-form.ts
   : ^^^^^^^
 7 | import { getState, setState } from '../state';
 8 | import { getHomeScreenForUser, navigateTo, goBack } from '../router';
 8 | import { parseFormUrl, detectFormPlatform } from '../parser/form-parser';
   `----
  x Merge conflict marker encountered.
    ,-[C:/Users/ngaremuki/OneDrive - NESTLE/Documents/Misc/Code files/Repositories/FormMate/src/screens/new-form.ts:13:1]
 10 | import { normalizeSubmittedFormUrl } from '../parser/url-intake';
 11 | import { toast } from '../components/toast';
 12 | import { initAurora } from './Aurora';
 13 | =======
    : ^^^^^^^
 14 | import { getState, setState } from '../state.js';
 15 | import { getHomeScreenForUser, navigateTo, goBack } from '../router.js';
 15 | import { parseFormUrl, detectFormPlatform } from '../parser/form-parser.js';
    `----
  x Merge conflict marker encountered.
    ,-[C:/Users/ngaremuki/OneDrive - NESTLE/Documents/Misc/Code files/Repositories/FormMate/src/screens/new-form.ts:20:1]
 17 | import { toast } from '../components/toast.js';
 18 | import { initZenMode, renderZenExitButton, renderZenToggle } from '../components/zen-mode.js';
 19 | import { initAurora } from './Aurora.js';
 20 | >>>>>>> Stashed changes:src/screens/new-form.js
    : ^^^^^^^
 21 | import './Aurora.css';
 22 | import { escapeHtml, safeHttpUrl } from '../utils/escape';
 22 | import { isZenModeEnabled, bindZenModeControls, openAccountModal } from '../components/layout';
    `----
  x Merge conflict marker encountered.
     ,-[C:/Users/ngaremuki/OneDrive - NESTLE/Documents/Misc/Code files/Repositories/FormMate/src/screens/new-form.ts:215:1]
 212 |     wrapper.querySelector('#btn-login')?.addEventListener('click', () => navigateTo('auth'));
 213 |     wrapper.querySelector('#btn-profile')?.addEventListener('click', () => openAccountModal('profile'));
 214 |     return () => {
 215 | <<<<<<< Updated upstream:src/screens/new-form.ts
     : ^^^^^^^
 216 |       cleanupZen?.();
 217 | =======
 217 |       cleanupZen();
     `----
  x Merge conflict marker encountered.
     ,-[C:/Users/ngaremuki/OneDrive - NESTLE/Documents/Misc/Code files/Repositories/FormMate/src/screens/new-form.ts:217:1]
 214 |     return () => {
 215 | <<<<<<< Updated upstream:src/screens/new-form.ts
 216 |       cleanupZen?.();
 217 | =======
     : ^^^^^^^
 218 |       cleanupZen();
 219 | >>>>>>> Stashed changes:src/screens/new-form.js
 219 |       if (cleanupAurora) cleanupAurora();
     `----
  x Merge conflict marker encountered.
     ,-[C:/Users/ngaremuki/OneDrive - NESTLE/Documents/Misc/Code files/Repositories/FormMate/src/screens/new-form.ts:219:1]
 216 |       cleanupZen?.();
 217 | =======
 218 |       cleanupZen();
 219 | >>>>>>> Stashed changes:src/screens/new-form.js
     : ^^^^^^^
 220 |       if (cleanupAurora) cleanupAurora();
 221 |     };
 221 |   }
     `----


Caused by:
    Syntax Error[39m
  Plugin: [35mvite:react-swc[39m
  File: [36mC:/Users/ngaremuki/OneDrive - NESTLE/Documents/Misc/Code files/Repositories/FormMate/src/screens/new-form.ts[39m
  
[2m1:04:32 PM[22m [31m[1m[vite][22m[39m [31mInternal server error:   x Merge conflict marker encountered.
     ,-[C:/Users/ngaremuki/OneDrive - NESTLE/Documents/Misc/Code files/Repositories/FormMate/src/screens/ai-chat.ts:138:1]
 135 |     </div>
 136 |   `;
 137 | 
 138 | <<<<<<< Updated upstream:src/screens/ai-chat.ts
     : ^^^^^^^
 139 |   const html = withLayout('ai-chat', chatContent, {
 140 |     zenMode: { screenId: 'ai-chat' },
 140 |     shellClassName: 'zen-layout-shell',
     `----
  x Merge conflict marker encountered.
     ,-[C:/Users/ngaremuki/OneDrive - NESTLE/Documents/Misc/Code files/Repositories/FormMate/src/screens/ai-chat.ts:147:1]
 144 | 
 145 |   function init(wrapper) {
 146 |     const cleanupLayout = initLayout(wrapper, { zenMode: { screenId: 'ai-chat' } });
 147 | =======
     : ^^^^^^^
 148 |   const html = withLayout('ai-chat', chatContent, { zenSupported: true });
 149 | 
 149 |   function init(wrapper) {
     `----
  x Merge conflict marker encountered.
     ,-[C:/Users/ngaremuki/OneDrive - NESTLE/Documents/Misc/Code files/Repositories/FormMate/src/screens/ai-chat.ts:152:1]
 149 | 
 150 |   function init(wrapper) {
 151 |     const cleanupLayout = initLayout(wrapper, { screenId: 'ai-chat', zenSupported: true });
 152 | >>>>>>> Stashed changes:src/screens/ai-chat.js
     : ^^^^^^^
 153 | 
 154 |     const chatInput = wrapper.querySelector('#chat-input');
 154 |     const btnSend = wrapper.querySelector('#btn-send');
     `----
  x Merge conflict marker encountered.
     ,-[C:/Users/ngaremuki/OneDrive - NESTLE/Documents/Misc/Code files/Repositories/FormMate/src/screens/ai-chat.ts:249:1]
 246 |     });
 247 | 
 248 |     return () => {
 249 | <<<<<<< Updated upstream:src/screens/ai-chat.ts
     : ^^^^^^^
 250 |       cleanupRichActions?.();
 251 | =======
 251 | >>>>>>> Stashed changes:src/screens/ai-chat.js
     `----
  x Merge conflict marker encountered.
     ,-[C:/Users/ngaremuki/OneDrive - NESTLE/Documents/Misc/Code files/Repositories/FormMate/src/screens/ai-chat.ts:251:1]
 248 |     return () => {
 249 | <<<<<<< Updated upstream:src/screens/ai-chat.ts
 250 |       cleanupRichActions?.();
 251 | =======
     : ^^^^^^^
 252 | >>>>>>> Stashed changes:src/screens/ai-chat.js
 253 |       cleanupLayout?.();
 253 |     };
     `----
  x Merge conflict marker encountered.
     ,-[C:/Users/ngaremuki/OneDrive - NESTLE/Documents/Misc/Code files/Repositories/FormMate/src/screens/ai-chat.ts:252:1]
 249 | <<<<<<< Updated upstream:src/screens/ai-chat.ts
 250 |       cleanupRichActions?.();
 251 | =======
 252 | >>>>>>> Stashed changes:src/screens/ai-chat.js
     : ^^^^^^^
 253 |       cleanupLayout?.();
 254 |     };
 254 |   }
     `----
  x Expected '}', got '<eof>'
     ,-[C:/Users/ngaremuki/OneDrive - NESTLE/Documents/Misc/Code files/Repositories/FormMate/src/screens/ai-chat.ts:258:4]
 256 | 
 257 |   return { html, init };
 258 | }
     `----


Caused by:
    Syntax Error[39m
  Plugin: [35mvite:react-swc[39m
  File: [36mC:/Users/ngaremuki/OneDrive - NESTLE/Documents/Misc/Code files/Repositories/FormMate/src/screens/ai-chat.ts[39m
  
[2m1:04:32 PM[22m [31m[1m[vite][22m[39m [31mInternal server error:   x Merge conflict marker encountered.
     ,-[C:/Users/ngaremuki/OneDrive - NESTLE/Documents/Misc/Code files/Repositories/FormMate/src/screens/history.ts:144:1]
 141 |     </div>
 142 |   `;
 143 | 
 144 | <<<<<<< Updated upstream:src/screens/history.ts
     : ^^^^^^^
 145 |   const html = withLayout('history', historyContent, {
 146 |     zenMode: { screenId: 'history' },
 146 |     shellClassName: 'zen-layout-shell',
     `----
  x Merge conflict marker encountered.
     ,-[C:/Users/ngaremuki/OneDrive - NESTLE/Documents/Misc/Code files/Repositories/FormMate/src/screens/history.ts:153:1]
 150 | 
 151 |   function init(wrapper) {
 152 |     const cleanupLayout = initLayout(wrapper, { zenMode: { screenId: 'history' } });
 153 | =======
     : ^^^^^^^
 154 |   const html = withLayout('history', historyContent, { zenSupported: true });
 155 | 
 155 |   function init(wrapper) {
     `----
  x Merge conflict marker encountered.
     ,-[C:/Users/ngaremuki/OneDrive - NESTLE/Documents/Misc/Code files/Repositories/FormMate/src/screens/history.ts:158:1]
 155 | 
 156 |   function init(wrapper) {
 157 |     const cleanupLayout = initLayout(wrapper, { screenId: 'history', zenSupported: true });
 158 | >>>>>>> Stashed changes:src/screens/history.js
     : ^^^^^^^
 159 | 
 160 |     wrapper.querySelector('#btn-export-all')?.addEventListener('click', () => {
 160 |       navigateTo('docs');
     `----
  x Expected '}', got '<eof>'
     ,-[C:/Users/ngaremuki/OneDrive - NESTLE/Documents/Misc/Code files/Repositories/FormMate/src/screens/history.ts:170:4]
 168 | 
 169 |   return { html, init };
 170 | }
     `----


Caused by:
    Syntax Error[39m
  Plugin: [35mvite:react-swc[39m
  File: [36mC:/Users/ngaremuki/OneDrive - NESTLE/Documents/Misc/Code files/Repositories/FormMate/src/screens/history.ts[39m
  
[2m1:06:25 PM[22m [36m[1m[vite][22m[39m [90m[2m(client)[22m[39m [32mhmr update [39m[2m/src/styles.css[22m
[2m1:06:26 PM[22m [31m[1m[vite][22m[39m [31mInternal server error:   x Merge conflict marker encountered.
   ,-[C:/Users/ngaremuki/OneDrive - NESTLE/Documents/Misc/Code files/Repositories/FormMate/src/screens/new-form.ts:6:1]
 3 | // FormMate — New Form Screen
 4 | // ═══════════════════════════════════════════
 5 | 
 6 | <<<<<<< Updated upstream:src/screens/new-form.ts
   : ^^^^^^^
 7 | import { getState, setState } from '../state';
 8 | import { getHomeScreenForUser, navigateTo, goBack } from '../router';
 8 | import { parseFormUrl, detectFormPlatform } from '../parser/form-parser';
   `----
  x Merge conflict marker encountered.
    ,-[C:/Users/ngaremuki/OneDrive - NESTLE/Documents/Misc/Code files/Repositories/FormMate/src/screens/new-form.ts:13:1]
 10 | import { normalizeSubmittedFormUrl } from '../parser/url-intake';
 11 | import { toast } from '../components/toast';
 12 | import { initAurora } from './Aurora';
 13 | =======
    : ^^^^^^^
 14 | import { getState, setState } from '../state.js';
 15 | import { getHomeScreenForUser, navigateTo, goBack } from '../router.js';
 15 | import { parseFormUrl, detectFormPlatform } from '../parser/form-parser.js';
    `----
  x Merge conflict marker encountered.
    ,-[C:/Users/ngaremuki/OneDrive - NESTLE/Documents/Misc/Code files/Repositories/FormMate/src/screens/new-form.ts:20:1]
 17 | import { toast } from '../components/toast.js';
 18 | import { initZenMode, renderZenExitButton, renderZenToggle } from '../components/zen-mode.js';
 19 | import { initAurora } from './Aurora.js';
 20 | >>>>>>> Stashed changes:src/screens/new-form.js
    : ^^^^^^^
 21 | import './Aurora.css';
 22 | import { escapeHtml, safeHttpUrl } from '../utils/escape';
 22 | import { isZenModeEnabled, bindZenModeControls, openAccountModal } from '../components/layout';
    `----
  x Merge conflict marker encountered.
     ,-[C:/Users/ngaremuki/OneDrive - NESTLE/Documents/Misc/Code files/Repositories/FormMate/src/screens/new-form.ts:215:1]
 212 |     wrapper.querySelector('#btn-login')?.addEventListener('click', () => navigateTo('auth'));
 213 |     wrapper.querySelector('#btn-profile')?.addEventListener('click', () => openAccountModal('profile'));
 214 |     return () => {
 215 | <<<<<<< Updated upstream:src/screens/new-form.ts
     : ^^^^^^^
 216 |       cleanupZen?.();
 217 | =======
 217 |       cleanupZen();
     `----
  x Merge conflict marker encountered.
     ,-[C:/Users/ngaremuki/OneDrive - NESTLE/Documents/Misc/Code files/Repositories/FormMate/src/screens/new-form.ts:217:1]
 214 |     return () => {
 215 | <<<<<<< Updated upstream:src/screens/new-form.ts
 216 |       cleanupZen?.();
 217 | =======
     : ^^^^^^^
 218 |       cleanupZen();
 219 | >>>>>>> Stashed changes:src/screens/new-form.js
 219 |       if (cleanupAurora) cleanupAurora();
     `----
  x Merge conflict marker encountered.
     ,-[C:/Users/ngaremuki/OneDrive - NESTLE/Documents/Misc/Code files/Repositories/FormMate/src/screens/new-form.ts:219:1]
 216 |       cleanupZen?.();
 217 | =======
 218 |       cleanupZen();
 219 | >>>>>>> Stashed changes:src/screens/new-form.js
     : ^^^^^^^
 220 |       if (cleanupAurora) cleanupAurora();
 221 |     };
 221 |   }
     `----


Caused by:
    Syntax Error[39m
  Plugin: [35mvite:react-swc[39m
  File: [36mC:/Users/ngaremuki/OneDrive - NESTLE/Documents/Misc/Code files/Repositories/FormMate/src/screens/new-form.ts[39m
  
[2m1:06:26 PM[22m [31m[1m[vite][22m[39m [31mInternal server error:   x Merge conflict marker encountered.
     ,-[C:/Users/ngaremuki/OneDrive - NESTLE/Documents/Misc/Code files/Repositories/FormMate/src/screens/ai-chat.ts:138:1]
 135 |     </div>
 136 |   `;
 137 | 
 138 | <<<<<<< Updated upstream:src/screens/ai-chat.ts
     : ^^^^^^^
 139 |   const html = withLayout('ai-chat', chatContent, {
 140 |     zenMode: { screenId: 'ai-chat' },
 140 |     shellClassName: 'zen-layout-shell',
     `----
  x Merge conflict marker encountered.
     ,-[C:/Users/ngaremuki/OneDrive - NESTLE/Documents/Misc/Code files/Repositories/FormMate/src/screens/ai-chat.ts:147:1]
 144 | 
 145 |   function init(wrapper) {
 146 |     const cleanupLayout = initLayout(wrapper, { zenMode: { screenId: 'ai-chat' } });
 147 | =======
     : ^^^^^^^
 148 |   const html = withLayout('ai-chat', chatContent, { zenSupported: true });
 149 | 
 149 |   function init(wrapper) {
     `----
  x Merge conflict marker encountered.
     ,-[C:/Users/ngaremuki/OneDrive - NESTLE/Documents/Misc/Code files/Repositories/FormMate/src/screens/ai-chat.ts:152:1]
 149 | 
 150 |   function init(wrapper) {
 151 |     const cleanupLayout = initLayout(wrapper, { screenId: 'ai-chat', zenSupported: true });
 152 | >>>>>>> Stashed changes:src/screens/ai-chat.js
     : ^^^^^^^
 153 | 
 154 |     const chatInput = wrapper.querySelector('#chat-input');
 154 |     const btnSend = wrapper.querySelector('#btn-send');
     `----
  x Merge conflict marker encountered.
     ,-[C:/Users/ngaremuki/OneDrive - NESTLE/Documents/Misc/Code files/Repositories/FormMate/src/screens/ai-chat.ts:249:1]
 246 |     });
 247 | 
 248 |     return () => {
 249 | <<<<<<< Updated upstream:src/screens/ai-chat.ts
     : ^^^^^^^
 250 |       cleanupRichActions?.();
 251 | =======
 251 | >>>>>>> Stashed changes:src/screens/ai-chat.js
     `----
  x Merge conflict marker encountered.
     ,-[C:/Users/ngaremuki/OneDrive - NESTLE/Documents/Misc/Code files/Repositories/FormMate/src/screens/ai-chat.ts:251:1]
 248 |     return () => {
 249 | <<<<<<< Updated upstream:src/screens/ai-chat.ts
 250 |       cleanupRichActions?.();
 251 | =======
     : ^^^^^^^
 252 | >>>>>>> Stashed changes:src/screens/ai-chat.js
 253 |       cleanupLayout?.();
 253 |     };
     `----
  x Merge conflict marker encountered.
     ,-[C:/Users/ngaremuki/OneDrive - NESTLE/Documents/Misc/Code files/Repositories/FormMate/src/screens/ai-chat.ts:252:1]
 249 | <<<<<<< Updated upstream:src/screens/ai-chat.ts
 250 |       cleanupRichActions?.();
 251 | =======
 252 | >>>>>>> Stashed changes:src/screens/ai-chat.js
     : ^^^^^^^
 253 |       cleanupLayout?.();
 254 |     };
 254 |   }
     `----
  x Expected '}', got '<eof>'
     ,-[C:/Users/ngaremuki/OneDrive - NESTLE/Documents/Misc/Code files/Repositories/FormMate/src/screens/ai-chat.ts:258:4]
 256 | 
 257 |   return { html, init };
 258 | }
     `----


Caused by:
    Syntax Error[39m
  Plugin: [35mvite:react-swc[39m
  File: [36mC:/Users/ngaremuki/OneDrive - NESTLE/Documents/Misc/Code files/Repositories/FormMate/src/screens/ai-chat.ts[39m
  
[2m1:06:26 PM[22m [31m[1m[vite][22m[39m [31mInternal server error:   x Merge conflict marker encountered.
     ,-[C:/Users/ngaremuki/OneDrive - NESTLE/Documents/Misc/Code files/Repositories/FormMate/src/screens/history.ts:144:1]
 141 |     </div>
 142 |   `;
 143 | 
 144 | <<<<<<< Updated upstream:src/screens/history.ts
     : ^^^^^^^
 145 |   const html = withLayout('history', historyContent, {
 146 |     zenMode: { screenId: 'history' },
 146 |     shellClassName: 'zen-layout-shell',
     `----
  x Merge conflict marker encountered.
     ,-[C:/Users/ngaremuki/OneDrive - NESTLE/Documents/Misc/Code files/Repositories/FormMate/src/screens/history.ts:153:1]
 150 | 
 151 |   function init(wrapper) {
 152 |     const cleanupLayout = initLayout(wrapper, { zenMode: { screenId: 'history' } });
 153 | =======
     : ^^^^^^^
 154 |   const html = withLayout('history', historyContent, { zenSupported: true });
 155 | 
 155 |   function init(wrapper) {
     `----
  x Merge conflict marker encountered.
     ,-[C:/Users/ngaremuki/OneDrive - NESTLE/Documents/Misc/Code files/Repositories/FormMate/src/screens/history.ts:158:1]
 155 | 
 156 |   function init(wrapper) {
 157 |     const cleanupLayout = initLayout(wrapper, { screenId: 'history', zenSupported: true });
 158 | >>>>>>> Stashed changes:src/screens/history.js
     : ^^^^^^^
 159 | 
 160 |     wrapper.querySelector('#btn-export-all')?.addEventListener('click', () => {
 160 |       navigateTo('docs');
     `----
  x Expected '}', got '<eof>'
     ,-[C:/Users/ngaremuki/OneDrive - NESTLE/Documents/Misc/Code files/Repositories/FormMate/src/screens/history.ts:170:4]
 168 | 
 169 |   return { html, init };
 170 | }
     `----


Caused by:
    Syntax Error[39m
  Plugin: [35mvite:react-swc[39m
  File: [36mC:/Users/ngaremuki/OneDrive - NESTLE/Documents/Misc/Code files/Repositories/FormMate/src/screens/history.ts[39m
  
[2m1:06:40 PM[22m [36m[1m[vite][22m[39m [90m[2m(client)[22m[39m [32mhmr update [39m[2m/src/styles.css[22m
[2m1:06:40 PM[22m [31m[1m[vite][22m[39m [31mInternal server error:   x Merge conflict marker encountered.
   ,-[C:/Users/ngaremuki/OneDrive - NESTLE/Documents/Misc/Code files/Repositories/FormMate/src/screens/new-form.ts:6:1]
 3 | // FormMate — New Form Screen
 4 | // ═══════════════════════════════════════════
 5 | 
 6 | <<<<<<< Updated upstream:src/screens/new-form.ts
   : ^^^^^^^
 7 | import { getState, setState } from '../state';
 8 | import { getHomeScreenForUser, navigateTo, goBack } from '../router';
 8 | import { parseFormUrl, detectFormPlatform } from '../parser/form-parser';
   `----
  x Merge conflict marker encountered.
    ,-[C:/Users/ngaremuki/OneDrive - NESTLE/Documents/Misc/Code files/Repositories/FormMate/src/screens/new-form.ts:13:1]
 10 | import { normalizeSubmittedFormUrl } from '../parser/url-intake';
 11 | import { toast } from '../components/toast';
 12 | import { initAurora } from './Aurora';
 13 | =======
    : ^^^^^^^
 14 | import { getState, setState } from '../state.js';
 15 | import { getHomeScreenForUser, navigateTo, goBack } from '../router.js';
 15 | import { parseFormUrl, detectFormPlatform } from '../parser/form-parser.js';
    `----
  x Merge conflict marker encountered.
    ,-[C:/Users/ngaremuki/OneDrive - NESTLE/Documents/Misc/Code files/Repositories/FormMate/src/screens/new-form.ts:20:1]
 17 | import { toast } from '../components/toast.js';
 18 | import { initZenMode, renderZenExitButton, renderZenToggle } from '../components/zen-mode.js';
 19 | import { initAurora } from './Aurora.js';
 20 | >>>>>>> Stashed changes:src/screens/new-form.js
    : ^^^^^^^
 21 | import './Aurora.css';
 22 | import { escapeHtml, safeHttpUrl } from '../utils/escape';
 22 | import { isZenModeEnabled, bindZenModeControls, openAccountModal } from '../components/layout';
    `----
  x Merge conflict marker encountered.
     ,-[C:/Users/ngaremuki/OneDrive - NESTLE/Documents/Misc/Code files/Repositories/FormMate/src/screens/new-form.ts:215:1]
 212 |     wrapper.querySelector('#btn-login')?.addEventListener('click', () => navigateTo('auth'));
 213 |     wrapper.querySelector('#btn-profile')?.addEventListener('click', () => openAccountModal('profile'));
 214 |     return () => {
 215 | <<<<<<< Updated upstream:src/screens/new-form.ts
     : ^^^^^^^
 216 |       cleanupZen?.();
 217 | =======
 217 |       cleanupZen();
     `----
  x Merge conflict marker encountered.
     ,-[C:/Users/ngaremuki/OneDrive - NESTLE/Documents/Misc/Code files/Repositories/FormMate/src/screens/new-form.ts:217:1]
 214 |     return () => {
 215 | <<<<<<< Updated upstream:src/screens/new-form.ts
 216 |       cleanupZen?.();
 217 | =======
     : ^^^^^^^
 218 |       cleanupZen();
 219 | >>>>>>> Stashed changes:src/screens/new-form.js
 219 |       if (cleanupAurora) cleanupAurora();
     `----
  x Merge conflict marker encountered.
     ,-[C:/Users/ngaremuki/OneDrive - NESTLE/Documents/Misc/Code files/Repositories/FormMate/src/screens/new-form.ts:219:1]
 216 |       cleanupZen?.();
 217 | =======
 218 |       cleanupZen();
 219 | >>>>>>> Stashed changes:src/screens/new-form.js
     : ^^^^^^^
 220 |       if (cleanupAurora) cleanupAurora();
 221 |     };
 221 |   }
     `----


Caused by:
    Syntax Error[39m
  Plugin: [35mvite:react-swc[39m
  File: [36mC:/Users/ngaremuki/OneDrive - NESTLE/Documents/Misc/Code files/Repositories/FormMate/src/screens/new-form.ts[39m
  
[2m1:06:40 PM[22m [31m[1m[vite][22m[39m [31mInternal server error:   x Merge conflict marker encountered.
     ,-[C:/Users/ngaremuki/OneDrive - NESTLE/Documents/Misc/Code files/Repositories/FormMate/src/screens/ai-chat.ts:138:1]
 135 |     </div>
 136 |   `;
 137 | 
 138 | <<<<<<< Updated upstream:src/screens/ai-chat.ts
     : ^^^^^^^
 139 |   const html = withLayout('ai-chat', chatContent, {
 140 |     zenMode: { screenId: 'ai-chat' },
 140 |     shellClassName: 'zen-layout-shell',
     `----
  x Merge conflict marker encountered.
     ,-[C:/Users/ngaremuki/OneDrive - NESTLE/Documents/Misc/Code files/Repositories/FormMate/src/screens/ai-chat.ts:147:1]
 144 | 
 145 |   function init(wrapper) {
 146 |     const cleanupLayout = initLayout(wrapper, { zenMode: { screenId: 'ai-chat' } });
 147 | =======
     : ^^^^^^^
 148 |   const html = withLayout('ai-chat', chatContent, { zenSupported: true });
 149 | 
 149 |   function init(wrapper) {
     `----
  x Merge conflict marker encountered.
     ,-[C:/Users/ngaremuki/OneDrive - NESTLE/Documents/Misc/Code files/Repositories/FormMate/src/screens/ai-chat.ts:152:1]
 149 | 
 150 |   function init(wrapper) {
 151 |     const cleanupLayout = initLayout(wrapper, { screenId: 'ai-chat', zenSupported: true });
 152 | >>>>>>> Stashed changes:src/screens/ai-chat.js
     : ^^^^^^^
 153 | 
 154 |     const chatInput = wrapper.querySelector('#chat-input');
 154 |     const btnSend = wrapper.querySelector('#btn-send');
     `----
  x Merge conflict marker encountered.
     ,-[C:/Users/ngaremuki/OneDrive - NESTLE/Documents/Misc/Code files/Repositories/FormMate/src/screens/ai-chat.ts:249:1]
 246 |     });
 247 | 
 248 |     return () => {
 249 | <<<<<<< Updated upstream:src/screens/ai-chat.ts
     : ^^^^^^^
 250 |       cleanupRichActions?.();
 251 | =======
 251 | >>>>>>> Stashed changes:src/screens/ai-chat.js
     `----
  x Merge conflict marker encountered.
     ,-[C:/Users/ngaremuki/OneDrive - NESTLE/Documents/Misc/Code files/Repositories/FormMate/src/screens/ai-chat.ts:251:1]
 248 |     return () => {
 249 | <<<<<<< Updated upstream:src/screens/ai-chat.ts
 250 |       cleanupRichActions?.();
 251 | =======
     : ^^^^^^^
 252 | >>>>>>> Stashed changes:src/screens/ai-chat.js
 253 |       cleanupLayout?.();
 253 |     };
     `----
  x Merge conflict marker encountered.
     ,-[C:/Users/ngaremuki/OneDrive - NESTLE/Documents/Misc/Code files/Repositories/FormMate/src/screens/ai-chat.ts:252:1]
 249 | <<<<<<< Updated upstream:src/screens/ai-chat.ts
 250 |       cleanupRichActions?.();
 251 | =======
 252 | >>>>>>> Stashed changes:src/screens/ai-chat.js
     : ^^^^^^^
 253 |       cleanupLayout?.();
 254 |     };
 254 |   }
     `----
  x Expected '}', got '<eof>'
     ,-[C:/Users/ngaremuki/OneDrive - NESTLE/Documents/Misc/Code files/Repositories/FormMate/src/screens/ai-chat.ts:258:4]
 256 | 
 257 |   return { html, init };
 258 | }
     `----


Caused by:
    Syntax Error[39m
  Plugin: [35mvite:react-swc[39m
  File: [36mC:/Users/ngaremuki/OneDrive - NESTLE/Documents/Misc/Code files/Repositories/FormMate/src/screens/ai-chat.ts[39m
  
[2m1:06:40 PM[22m [31m[1m[vite][22m[39m [31mInternal server error:   x Merge conflict marker encountered.
     ,-[C:/Users/ngaremuki/OneDrive - NESTLE/Documents/Misc/Code files/Repositories/FormMate/src/screens/history.ts:144:1]
 141 |     </div>
 142 |   `;
 143 | 
 144 | <<<<<<< Updated upstream:src/screens/history.ts
     : ^^^^^^^
 145 |   const html = withLayout('history', historyContent, {
 146 |     zenMode: { screenId: 'history' },
 146 |     shellClassName: 'zen-layout-shell',
     `----
  x Merge conflict marker encountered.
     ,-[C:/Users/ngaremuki/OneDrive - NESTLE/Documents/Misc/Code files/Repositories/FormMate/src/screens/history.ts:153:1]
 150 | 
 151 |   function init(wrapper) {
 152 |     const cleanupLayout = initLayout(wrapper, { zenMode: { screenId: 'history' } });
 153 | =======
     : ^^^^^^^
 154 |   const html = withLayout('history', historyContent, { zenSupported: true });
 155 | 
 155 |   function init(wrapper) {
     `----
  x Merge conflict marker encountered.
     ,-[C:/Users/ngaremuki/OneDrive - NESTLE/Documents/Misc/Code files/Repositories/FormMate/src/screens/history.ts:158:1]
 155 | 
 156 |   function init(wrapper) {
 157 |     const cleanupLayout = initLayout(wrapper, { screenId: 'history', zenSupported: true });
 158 | >>>>>>> Stashed changes:src/screens/history.js
     : ^^^^^^^
 159 | 
 160 |     wrapper.querySelector('#btn-export-all')?.addEventListener('click', () => {
 160 |       navigateTo('docs');
     `----
  x Expected '}', got '<eof>'
     ,-[C:/Users/ngaremuki/OneDrive - NESTLE/Documents/Misc/Code files/Repositories/FormMate/src/screens/history.ts:170:4]
 168 | 
 169 |   return { html, init };
 170 | }
     `----


Caused by:
    Syntax Error[39m
  Plugin: [35mvite:react-swc[39m
  File: [36mC:/Users/ngaremuki/OneDrive - NESTLE/Documents/Misc/Code files/Repositories/FormMate/src/screens/history.ts[39m
  
[2m1:06:49 PM[22m [36m[1m[vite][22m[39m [90m[2m(client)[22m[39m [32mhmr update [39m[2m/src/styles.css[22m
[2m1:06:49 PM[22m [31m[1m[vite][22m[39m [31mInternal server error:   x Merge conflict marker encountered.
   ,-[C:/Users/ngaremuki/OneDrive - NESTLE/Documents/Misc/Code files/Repositories/FormMate/src/screens/new-form.ts:6:1]
 3 | // FormMate — New Form Screen
 4 | // ═══════════════════════════════════════════
 5 | 
 6 | <<<<<<< Updated upstream:src/screens/new-form.ts
   : ^^^^^^^
 7 | import { getState, setState } from '../state';
 8 | import { getHomeScreenForUser, navigateTo, goBack } from '../router';
 8 | import { parseFormUrl, detectFormPlatform } from '../parser/form-parser';
   `----
  x Merge conflict marker encountered.
    ,-[C:/Users/ngaremuki/OneDrive - NESTLE/Documents/Misc/Code files/Repositories/FormMate/src/screens/new-form.ts:13:1]
 10 | import { normalizeSubmittedFormUrl } from '../parser/url-intake';
 11 | import { toast } from '../components/toast';
 12 | import { initAurora } from './Aurora';
 13 | =======
    : ^^^^^^^
 14 | import { getState, setState } from '../state.js';
 15 | import { getHomeScreenForUser, navigateTo, goBack } from '../router.js';
 15 | import { parseFormUrl, detectFormPlatform } from '../parser/form-parser.js';
    `----
  x Merge conflict marker encountered.
    ,-[C:/Users/ngaremuki/OneDrive - NESTLE/Documents/Misc/Code files/Repositories/FormMate/src/screens/new-form.ts:20:1]
 17 | import { toast } from '../components/toast.js';
 18 | import { initZenMode, renderZenExitButton, renderZenToggle } from '../components/zen-mode.js';
 19 | import { initAurora } from './Aurora.js';
 20 | >>>>>>> Stashed changes:src/screens/new-form.js
    : ^^^^^^^
 21 | import './Aurora.css';
 22 | import { escapeHtml, safeHttpUrl } from '../utils/escape';
 22 | import { isZenModeEnabled, bindZenModeControls, openAccountModal } from '../components/layout';
    `----
  x Merge conflict marker encountered.
     ,-[C:/Users/ngaremuki/OneDrive - NESTLE/Documents/Misc/Code files/Repositories/FormMate/src/screens/new-form.ts:215:1]
 212 |     wrapper.querySelector('#btn-login')?.addEventListener('click', () => navigateTo('auth'));
 213 |     wrapper.querySelector('#btn-profile')?.addEventListener('click', () => openAccountModal('profile'));
 214 |     return () => {
 215 | <<<<<<< Updated upstream:src/screens/new-form.ts
     : ^^^^^^^
 216 |       cleanupZen?.();
 217 | =======
 217 |       cleanupZen();
     `----
  x Merge conflict marker encountered.
     ,-[C:/Users/ngaremuki/OneDrive - NESTLE/Documents/Misc/Code files/Repositories/FormMate/src/screens/new-form.ts:217:1]
 214 |     return () => {
 215 | <<<<<<< Updated upstream:src/screens/new-form.ts
 216 |       cleanupZen?.();
 217 | =======
     : ^^^^^^^
 218 |       cleanupZen();
 219 | >>>>>>> Stashed changes:src/screens/new-form.js
 219 |       if (cleanupAurora) cleanupAurora();
     `----
  x Merge conflict marker encountered.
     ,-[C:/Users/ngaremuki/OneDrive - NESTLE/Documents/Misc/Code files/Repositories/FormMate/src/screens/new-form.ts:219:1]
 216 |       cleanupZen?.();
 217 | =======
 218 |       cleanupZen();
 219 | >>>>>>> Stashed changes:src/screens/new-form.js
     : ^^^^^^^
 220 |       if (cleanupAurora) cleanupAurora();
 221 |     };
 221 |   }
     `----


Caused by:
    Syntax Error[39m
  Plugin: [35mvite:react-swc[39m
  File: [36mC:/Users/ngaremuki/OneDrive - NESTLE/Documents/Misc/Code files/Repositories/FormMate/src/screens/new-form.ts[39m
  
[2m1:06:49 PM[22m [31m[1m[vite][22m[39m [31mInternal server error:   x Merge conflict marker encountered.
     ,-[C:/Users/ngaremuki/OneDrive - NESTLE/Documents/Misc/Code files/Repositories/FormMate/src/screens/ai-chat.ts:138:1]
 135 |     </div>
 136 |   `;
 137 | 
 138 | <<<<<<< Updated upstream:src/screens/ai-chat.ts
     : ^^^^^^^
 139 |   const html = withLayout('ai-chat', chatContent, {
 140 |     zenMode: { screenId: 'ai-chat' },
 140 |     shellClassName: 'zen-layout-shell',
     `----
  x Merge conflict marker encountered.
     ,-[C:/Users/ngaremuki/OneDrive - NESTLE/Documents/Misc/Code files/Repositories/FormMate/src/screens/ai-chat.ts:147:1]
 144 | 
 145 |   function init(wrapper) {
 146 |     const cleanupLayout = initLayout(wrapper, { zenMode: { screenId: 'ai-chat' } });
 147 | =======
     : ^^^^^^^
 148 |   const html = withLayout('ai-chat', chatContent, { zenSupported: true });
 149 | 
 149 |   function init(wrapper) {
     `----
  x Merge conflict marker encountered.
     ,-[C:/Users/ngaremuki/OneDrive - NESTLE/Documents/Misc/Code files/Repositories/FormMate/src/screens/ai-chat.ts:152:1]
 149 | 
 150 |   function init(wrapper) {
 151 |     const cleanupLayout = initLayout(wrapper, { screenId: 'ai-chat', zenSupported: true });
 152 | >>>>>>> Stashed changes:src/screens/ai-chat.js
     : ^^^^^^^
 153 | 
 154 |     const chatInput = wrapper.querySelector('#chat-input');
 154 |     const btnSend = wrapper.querySelector('#btn-send');
     `----
  x Merge conflict marker encountered.
     ,-[C:/Users/ngaremuki/OneDrive - NESTLE/Documents/Misc/Code files/Repositories/FormMate/src/screens/ai-chat.ts:249:1]
 246 |     });
 247 | 
 248 |     return () => {
 249 | <<<<<<< Updated upstream:src/screens/ai-chat.ts
     : ^^^^^^^
 250 |       cleanupRichActions?.();
 251 | =======
 251 | >>>>>>> Stashed changes:src/screens/ai-chat.js
     `----
  x Merge conflict marker encountered.
     ,-[C:/Users/ngaremuki/OneDrive - NESTLE/Documents/Misc/Code files/Repositories/FormMate/src/screens/ai-chat.ts:251:1]
 248 |     return () => {
 249 | <<<<<<< Updated upstream:src/screens/ai-chat.ts
 250 |       cleanupRichActions?.();
 251 | =======
     : ^^^^^^^
 252 | >>>>>>> Stashed changes:src/screens/ai-chat.js
 253 |       cleanupLayout?.();
 253 |     };
     `----
  x Merge conflict marker encountered.
     ,-[C:/Users/ngaremuki/OneDrive - NESTLE/Documents/Misc/Code files/Repositories/FormMate/src/screens/ai-chat.ts:252:1]
 249 | <<<<<<< Updated upstream:src/screens/ai-chat.ts
 250 |       cleanupRichActions?.();
 251 | =======
 252 | >>>>>>> Stashed changes:src/screens/ai-chat.js
     : ^^^^^^^
 253 |       cleanupLayout?.();
 254 |     };
 254 |   }
     `----
  x Expected '}', got '<eof>'
     ,-[C:/Users/ngaremuki/OneDrive - NESTLE/Documents/Misc/Code files/Repositories/FormMate/src/screens/ai-chat.ts:258:4]
 256 | 
 257 |   return { html, init };
 258 | }
     `----


Caused by:
    Syntax Error[39m
  Plugin: [35mvite:react-swc[39m
  File: [36mC:/Users/ngaremuki/OneDrive - NESTLE/Documents/Misc/Code files/Repositories/FormMate/src/screens/ai-chat.ts[39m
  
[2m1:06:49 PM[22m [31m[1m[vite][22m[39m [31mInternal server error:   x Merge conflict marker encountered.
     ,-[C:/Users/ngaremuki/OneDrive - NESTLE/Documents/Misc/Code files/Repositories/FormMate/src/screens/history.ts:144:1]
 141 |     </div>
 142 |   `;
 143 | 
 144 | <<<<<<< Updated upstream:src/screens/history.ts
     : ^^^^^^^
 145 |   const html = withLayout('history', historyContent, {
 146 |     zenMode: { screenId: 'history' },
 146 |     shellClassName: 'zen-layout-shell',
     `----
  x Merge conflict marker encountered.
     ,-[C:/Users/ngaremuki/OneDrive - NESTLE/Documents/Misc/Code files/Repositories/FormMate/src/screens/history.ts:153:1]
 150 | 
 151 |   function init(wrapper) {
 152 |     const cleanupLayout = initLayout(wrapper, { zenMode: { screenId: 'history' } });
 153 | =======
     : ^^^^^^^
 154 |   const html = withLayout('history', historyContent, { zenSupported: true });
 155 | 
 155 |   function init(wrapper) {
     `----
  x Merge conflict marker encountered.
     ,-[C:/Users/ngaremuki/OneDrive - NESTLE/Documents/Misc/Code files/Repositories/FormMate/src/screens/history.ts:158:1]
 155 | 
 156 |   function init(wrapper) {
 157 |     const cleanupLayout = initLayout(wrapper, { screenId: 'history', zenSupported: true });
 158 | >>>>>>> Stashed changes:src/screens/history.js
     : ^^^^^^^
 159 | 
 160 |     wrapper.querySelector('#btn-export-all')?.addEventListener('click', () => {
 160 |       navigateTo('docs');
     `----
  x Expected '}', got '<eof>'
     ,-[C:/Users/ngaremuki/OneDrive - NESTLE/Documents/Misc/Code files/Repositories/FormMate/src/screens/history.ts:170:4]
 168 | 
 169 |   return { html, init };
 170 | }
     `----


Caused by:
    Syntax Error[39m
  Plugin: [35mvite:react-swc[39m
  File: [36mC:/Users/ngaremuki/OneDrive - NESTLE/Documents/Misc/Code files/Repositories/FormMate/src/screens/history.ts[39m
  
[2m1:07:29 PM[22m [36m[1m[vite][22m[39m [90m[2m(client)[22m[39m [32mhmr update [39m[2m/src/styles.css[22m
[2m1:07:29 PM[22m [31m[1m[vite][22m[39m [31mInternal server error:   x Merge conflict marker encountered.
   ,-[C:/Users/ngaremuki/OneDrive - NESTLE/Documents/Misc/Code files/Repositories/FormMate/src/screens/new-form.ts:6:1]
 3 | // FormMate — New Form Screen
 4 | // ═══════════════════════════════════════════
 5 | 
 6 | <<<<<<< Updated upstream:src/screens/new-form.ts
   : ^^^^^^^
 7 | import { getState, setState } from '../state';
 8 | import { getHomeScreenForUser, navigateTo, goBack } from '../router';
 8 | import { parseFormUrl, detectFormPlatform } from '../parser/form-parser';
   `----
  x Merge conflict marker encountered.
    ,-[C:/Users/ngaremuki/OneDrive - NESTLE/Documents/Misc/Code files/Repositories/FormMate/src/screens/new-form.ts:13:1]
 10 | import { normalizeSubmittedFormUrl } from '../parser/url-intake';
 11 | import { toast } from '../components/toast';
 12 | import { initAurora } from './Aurora';
 13 | =======
    : ^^^^^^^
 14 | import { getState, setState } from '../state.js';
 15 | import { getHomeScreenForUser, navigateTo, goBack } from '../router.js';
 15 | import { parseFormUrl, detectFormPlatform } from '../parser/form-parser.js';
    `----
  x Merge conflict marker encountered.
    ,-[C:/Users/ngaremuki/OneDrive - NESTLE/Documents/Misc/Code files/Repositories/FormMate/src/screens/new-form.ts:20:1]
 17 | import { toast } from '../components/toast.js';
 18 | import { initZenMode, renderZenExitButton, renderZenToggle } from '../components/zen-mode.js';
 19 | import { initAurora } from './Aurora.js';
 20 | >>>>>>> Stashed changes:src/screens/new-form.js
    : ^^^^^^^
 21 | import './Aurora.css';
 22 | import { escapeHtml, safeHttpUrl } from '../utils/escape';
 22 | import { isZenModeEnabled, bindZenModeControls, openAccountModal } from '../components/layout';
    `----
  x Merge conflict marker encountered.
     ,-[C:/Users/ngaremuki/OneDrive - NESTLE/Documents/Misc/Code files/Repositories/FormMate/src/screens/new-form.ts:215:1]
 212 |     wrapper.querySelector('#btn-login')?.addEventListener('click', () => navigateTo('auth'));
 213 |     wrapper.querySelector('#btn-profile')?.addEventListener('click', () => openAccountModal('profile'));
 214 |     return () => {
 215 | <<<<<<< Updated upstream:src/screens/new-form.ts
     : ^^^^^^^
 216 |       cleanupZen?.();
 217 | =======
 217 |       cleanupZen();
     `----
  x Merge conflict marker encountered.
     ,-[C:/Users/ngaremuki/OneDrive - NESTLE/Documents/Misc/Code files/Repositories/FormMate/src/screens/new-form.ts:217:1]
 214 |     return () => {
 215 | <<<<<<< Updated upstream:src/screens/new-form.ts
 216 |       cleanupZen?.();
 217 | =======
     : ^^^^^^^
 218 |       cleanupZen();
 219 | >>>>>>> Stashed changes:src/screens/new-form.js
 219 |       if (cleanupAurora) cleanupAurora();
     `----
  x Merge conflict marker encountered.
     ,-[C:/Users/ngaremuki/OneDrive - NESTLE/Documents/Misc/Code files/Repositories/FormMate/src/screens/new-form.ts:219:1]
 216 |       cleanupZen?.();
 217 | =======
 218 |       cleanupZen();
 219 | >>>>>>> Stashed changes:src/screens/new-form.js
     : ^^^^^^^
 220 |       if (cleanupAurora) cleanupAurora();
 221 |     };
 221 |   }
     `----


Caused by:
    Syntax Error[39m
  Plugin: [35mvite:react-swc[39m
  File: [36mC:/Users/ngaremuki/OneDrive - NESTLE/Documents/Misc/Code files/Repositories/FormMate/src/screens/new-form.ts[39m
  
[2m1:07:29 PM[22m [31m[1m[vite][22m[39m [31mInternal server error:   x Merge conflict marker encountered.
     ,-[C:/Users/ngaremuki/OneDrive - NESTLE/Documents/Misc/Code files/Repositories/FormMate/src/screens/ai-chat.ts:138:1]
 135 |     </div>
 136 |   `;
 137 | 
 138 | <<<<<<< Updated upstream:src/screens/ai-chat.ts
     : ^^^^^^^
 139 |   const html = withLayout('ai-chat', chatContent, {
 140 |     zenMode: { screenId: 'ai-chat' },
 140 |     shellClassName: 'zen-layout-shell',
     `----
  x Merge conflict marker encountered.
     ,-[C:/Users/ngaremuki/OneDrive - NESTLE/Documents/Misc/Code files/Repositories/FormMate/src/screens/ai-chat.ts:147:1]
 144 | 
 145 |   function init(wrapper) {
 146 |     const cleanupLayout = initLayout(wrapper, { zenMode: { screenId: 'ai-chat' } });
 147 | =======
     : ^^^^^^^
 148 |   const html = withLayout('ai-chat', chatContent, { zenSupported: true });
 149 | 
 149 |   function init(wrapper) {
     `----
  x Merge conflict marker encountered.
     ,-[C:/Users/ngaremuki/OneDrive - NESTLE/Documents/Misc/Code files/Repositories/FormMate/src/screens/ai-chat.ts:152:1]
 149 | 
 150 |   function init(wrapper) {
 151 |     const cleanupLayout = initLayout(wrapper, { screenId: 'ai-chat', zenSupported: true });
 152 | >>>>>>> Stashed changes:src/screens/ai-chat.js
     : ^^^^^^^
 153 | 
 154 |     const chatInput = wrapper.querySelector('#chat-input');
 154 |     const btnSend = wrapper.querySelector('#btn-send');
     `----
  x Merge conflict marker encountered.
     ,-[C:/Users/ngaremuki/OneDrive - NESTLE/Documents/Misc/Code files/Repositories/FormMate/src/screens/ai-chat.ts:249:1]
 246 |     });
 247 | 
 248 |     return () => {
 249 | <<<<<<< Updated upstream:src/screens/ai-chat.ts
     : ^^^^^^^
 250 |       cleanupRichActions?.();
 251 | =======
 251 | >>>>>>> Stashed changes:src/screens/ai-chat.js
     `----
  x Merge conflict marker encountered.
     ,-[C:/Users/ngaremuki/OneDrive - NESTLE/Documents/Misc/Code files/Repositories/FormMate/src/screens/ai-chat.ts:251:1]
 248 |     return () => {
 249 | <<<<<<< Updated upstream:src/screens/ai-chat.ts
 250 |       cleanupRichActions?.();
 251 | =======
     : ^^^^^^^
 252 | >>>>>>> Stashed changes:src/screens/ai-chat.js
 253 |       cleanupLayout?.();
 253 |     };
     `----
  x Merge conflict marker encountered.
     ,-[C:/Users/ngaremuki/OneDrive - NESTLE/Documents/Misc/Code files/Repositories/FormMate/src/screens/ai-chat.ts:252:1]
 249 | <<<<<<< Updated upstream:src/screens/ai-chat.ts
 250 |       cleanupRichActions?.();
 251 | =======
 252 | >>>>>>> Stashed changes:src/screens/ai-chat.js
     : ^^^^^^^
 253 |       cleanupLayout?.();
 254 |     };
 254 |   }
     `----
  x Expected '}', got '<eof>'
     ,-[C:/Users/ngaremuki/OneDrive - NESTLE/Documents/Misc/Code files/Repositories/FormMate/src/screens/ai-chat.ts:258:4]
 256 | 
 257 |   return { html, init };
 258 | }
     `----


Caused by:
    Syntax Error[39m
  Plugin: [35mvite:react-swc[39m
  File: [36mC:/Users/ngaremuki/OneDrive - NESTLE/Documents/Misc/Code files/Repositories/FormMate/src/screens/ai-chat.ts[39m
  
[2m1:07:29 PM[22m [31m[1m[vite][22m[39m [31mInternal server error:   x Merge conflict marker encountered.
     ,-[C:/Users/ngaremuki/OneDrive - NESTLE/Documents/Misc/Code files/Repositories/FormMate/src/screens/history.ts:144:1]
 141 |     </div>
 142 |   `;
 143 | 
 144 | <<<<<<< Updated upstream:src/screens/history.ts
     : ^^^^^^^
 145 |   const html = withLayout('history', historyContent, {
 146 |     zenMode: { screenId: 'history' },
 146 |     shellClassName: 'zen-layout-shell',
     `----
  x Merge conflict marker encountered.
     ,-[C:/Users/ngaremuki/OneDrive - NESTLE/Documents/Misc/Code files/Repositories/FormMate/src/screens/history.ts:153:1]
 150 | 
 151 |   function init(wrapper) {
 152 |     const cleanupLayout = initLayout(wrapper, { zenMode: { screenId: 'history' } });
 153 | =======
     : ^^^^^^^
 154 |   const html = withLayout('history', historyContent, { zenSupported: true });
 155 | 
 155 |   function init(wrapper) {
     `----
  x Merge conflict marker encountered.
     ,-[C:/Users/ngaremuki/OneDrive - NESTLE/Documents/Misc/Code files/Repositories/FormMate/src/screens/history.ts:158:1]
 155 | 
 156 |   function init(wrapper) {
 157 |     const cleanupLayout = initLayout(wrapper, { screenId: 'history', zenSupported: true });
 158 | >>>>>>> Stashed changes:src/screens/history.js
     : ^^^^^^^
 159 | 
 160 |     wrapper.querySelector('#btn-export-all')?.addEventListener('click', () => {
 160 |       navigateTo('docs');
     `----
  x Expected '}', got '<eof>'
     ,-[C:/Users/ngaremuki/OneDrive - NESTLE/Documents/Misc/Code files/Repositories/FormMate/src/screens/history.ts:170:4]
 168 | 
 169 |   return { html, init };
 170 | }
     `----


Caused by:
    Syntax Error[39m
  Plugin: [35mvite:react-swc[39m
  File: [36mC:/Users/ngaremuki/OneDrive - NESTLE/Documents/Misc/Code files/Repositories/FormMate/src/screens/history.ts[39m
  
[2m2:32:25 PM[22m [31m[1m[vite][22m[39m [31mInternal server error:   x Merge conflict marker encountered.
     ,-[C:/Users/ngaremuki/OneDrive - NESTLE/Documents/Misc/Code files/Repositories/FormMate/src/screens/history.ts:144:1]
 141 |     </div>
 142 |   `;
 143 | 
 144 | <<<<<<< Updated upstream:src/screens/history.ts
     : ^^^^^^^
 145 |   const html = withLayout('history', historyContent, {
 146 |     zenMode: { screenId: 'history' },
 146 |     shellClassName: 'zen-layout-shell',
     `----
  x Merge conflict marker encountered.
     ,-[C:/Users/ngaremuki/OneDrive - NESTLE/Documents/Misc/Code files/Repositories/FormMate/src/screens/history.ts:153:1]
 150 | 
 151 |   function init(wrapper) {
 152 |     const cleanupLayout = initLayout(wrapper, { zenMode: { screenId: 'history' } });
 153 | =======
     : ^^^^^^^
 154 |   const html = withLayout('history', historyContent, { zenSupported: true });
 155 | 
 155 |   function init(wrapper) {
     `----
  x Merge conflict marker encountered.
     ,-[C:/Users/ngaremuki/OneDrive - NESTLE/Documents/Misc/Code files/Repositories/FormMate/src/screens/history.ts:158:1]
 155 | 
 156 |   function init(wrapper) {
 157 |     const cleanupLayout = initLayout(wrapper, { screenId: 'history', zenSupported: true });
 158 | >>>>>>> Stashed changes:src/screens/history.js
     : ^^^^^^^
 159 | 
 160 |     wrapper.querySelector('#btn-export-all')?.addEventListener('click', () => {
 160 |       navigateTo('docs');
     `----
  x Expected '}', got '<eof>'
     ,-[C:/Users/ngaremuki/OneDrive - NESTLE/Documents/Misc/Code files/Repositories/FormMate/src/screens/history.ts:170:4]
 168 | 
 169 |   return { html, init };
 170 | }
     `----


Caused by:
    Syntax Error[39m
  Plugin: [35mvite:react-swc[39m
  File: [36mC:/Users/ngaremuki/OneDrive - NESTLE/Documents/Misc/Code files/Repositories/FormMate/src/screens/history.ts[39m
  
[2m2:32:25 PM[22m [31m[1m[vite][22m[39m [31mInternal server error:   x Merge conflict marker encountered.
     ,-[C:/Users/ngaremuki/OneDrive - NESTLE/Documents/Misc/Code files/Repositories/FormMate/src/screens/ai-chat.ts:138:1]
 135 |     </div>
 136 |   `;
 137 | 
 138 | <<<<<<< Updated upstream:src/screens/ai-chat.ts
     : ^^^^^^^
 139 |   const html = withLayout('ai-chat', chatContent, {
 140 |     zenMode: { screenId: 'ai-chat' },
 140 |     shellClassName: 'zen-layout-shell',
     `----
  x Merge conflict marker encountered.
     ,-[C:/Users/ngaremuki/OneDrive - NESTLE/Documents/Misc/Code files/Repositories/FormMate/src/screens/ai-chat.ts:147:1]
 144 | 
 145 |   function init(wrapper) {
 146 |     const cleanupLayout = initLayout(wrapper, { zenMode: { screenId: 'ai-chat' } });
 147 | =======
     : ^^^^^^^
 148 |   const html = withLayout('ai-chat', chatContent, { zenSupported: true });
 149 | 
 149 |   function init(wrapper) {
     `----
  x Merge conflict marker encountered.
     ,-[C:/Users/ngaremuki/OneDrive - NESTLE/Documents/Misc/Code files/Repositories/FormMate/src/screens/ai-chat.ts:152:1]
 149 | 
 150 |   function init(wrapper) {
 151 |     const cleanupLayout = initLayout(wrapper, { screenId: 'ai-chat', zenSupported: true });
 152 | >>>>>>> Stashed changes:src/screens/ai-chat.js
     : ^^^^^^^
 153 | 
 154 |     const chatInput = wrapper.querySelector('#chat-input');
 154 |     const btnSend = wrapper.querySelector('#btn-send');
     `----
  x Merge conflict marker encountered.
     ,-[C:/Users/ngaremuki/OneDrive - NESTLE/Documents/Misc/Code files/Repositories/FormMate/src/screens/ai-chat.ts:249:1]
 246 |     });
 247 | 
 248 |     return () => {
 249 | <<<<<<< Updated upstream:src/screens/ai-chat.ts
     : ^^^^^^^
 250 |       cleanupRichActions?.();
 251 | =======
 251 | >>>>>>> Stashed changes:src/screens/ai-chat.js
     `----
  x Merge conflict marker encountered.
     ,-[C:/Users/ngaremuki/OneDrive - NESTLE/Documents/Misc/Code files/Repositories/FormMate/src/screens/ai-chat.ts:251:1]
 248 |     return () => {
 249 | <<<<<<< Updated upstream:src/screens/ai-chat.ts
 250 |       cleanupRichActions?.();
 251 | =======
     : ^^^^^^^
 252 | >>>>>>> Stashed changes:src/screens/ai-chat.js
 253 |       cleanupLayout?.();
 253 |     };
     `----
  x Merge conflict marker encountered.
     ,-[C:/Users/ngaremuki/OneDrive - NESTLE/Documents/Misc/Code files/Repositories/FormMate/src/screens/ai-chat.ts:252:1]
 249 | <<<<<<< Updated upstream:src/screens/ai-chat.ts
 250 |       cleanupRichActions?.();
 251 | =======
 252 | >>>>>>> Stashed changes:src/screens/ai-chat.js
     : ^^^^^^^
 253 |       cleanupLayout?.();
 254 |     };
 254 |   }
     `----
  x Expected '}', got '<eof>'
     ,-[C:/Users/ngaremuki/OneDrive - NESTLE/Documents/Misc/Code files/Repositories/FormMate/src/screens/ai-chat.ts:258:4]
 256 | 
 257 |   return { html, init };
 258 | }
     `----


Caused by:
    Syntax Error[39m
  Plugin: [35mvite:react-swc[39m
  File: [36mC:/Users/ngaremuki/OneDrive - NESTLE/Documents/Misc/Code files/Repositories/FormMate/src/screens/ai-chat.ts[39m
  
[2m2:32:25 PM[22m [31m[1m[vite][22m[39m [31mInternal server error:   x Merge conflict marker encountered.
   ,-[C:/Users/ngaremuki/OneDrive - NESTLE/Documents/Misc/Code files/Repositories/FormMate/src/screens/new-form.ts:6:1]
 3 | // FormMate — New Form Screen
 4 | // ═══════════════════════════════════════════
 5 | 
 6 | <<<<<<< Updated upstream:src/screens/new-form.ts
   : ^^^^^^^
 7 | import { getState, setState } from '../state';
 8 | import { getHomeScreenForUser, navigateTo, goBack } from '../router';
 8 | import { parseFormUrl, detectFormPlatform } from '../parser/form-parser';
   `----
  x Merge conflict marker encountered.
    ,-[C:/Users/ngaremuki/OneDrive - NESTLE/Documents/Misc/Code files/Repositories/FormMate/src/screens/new-form.ts:13:1]
 10 | import { normalizeSubmittedFormUrl } from '../parser/url-intake';
 11 | import { toast } from '../components/toast';
 12 | import { initAurora } from './Aurora';
 13 | =======
    : ^^^^^^^
 14 | import { getState, setState } from '../state.js';
 15 | import { getHomeScreenForUser, navigateTo, goBack } from '../router.js';
 15 | import { parseFormUrl, detectFormPlatform } from '../parser/form-parser.js';
    `----
  x Merge conflict marker encountered.
    ,-[C:/Users/ngaremuki/OneDrive - NESTLE/Documents/Misc/Code files/Repositories/FormMate/src/screens/new-form.ts:20:1]
 17 | import { toast } from '../components/toast.js';
 18 | import { initZenMode, renderZenExitButton, renderZenToggle } from '../components/zen-mode.js';
 19 | import { initAurora } from './Aurora.js';
 20 | >>>>>>> Stashed changes:src/screens/new-form.js
    : ^^^^^^^
 21 | import './Aurora.css';
 22 | import { escapeHtml, safeHttpUrl } from '../utils/escape';
 22 | import { isZenModeEnabled, bindZenModeControls, openAccountModal } from '../components/layout';
    `----
  x Merge conflict marker encountered.
     ,-[C:/Users/ngaremuki/OneDrive - NESTLE/Documents/Misc/Code files/Repositories/FormMate/src/screens/new-form.ts:215:1]
 212 |     wrapper.querySelector('#btn-login')?.addEventListener('click', () => navigateTo('auth'));
 213 |     wrapper.querySelector('#btn-profile')?.addEventListener('click', () => openAccountModal('profile'));
 214 |     return () => {
 215 | <<<<<<< Updated upstream:src/screens/new-form.ts
     : ^^^^^^^
 216 |       cleanupZen?.();
 217 | =======
 217 |       cleanupZen();
     `----
  x Merge conflict marker encountered.
     ,-[C:/Users/ngaremuki/OneDrive - NESTLE/Documents/Misc/Code files/Repositories/FormMate/src/screens/new-form.ts:217:1]
 214 |     return () => {
 215 | <<<<<<< Updated upstream:src/screens/new-form.ts
 216 |       cleanupZen?.();
 217 | =======
     : ^^^^^^^
 218 |       cleanupZen();
 219 | >>>>>>> Stashed changes:src/screens/new-form.js
 219 |       if (cleanupAurora) cleanupAurora();
     `----
  x Merge conflict marker encountered.
     ,-[C:/Users/ngaremuki/OneDrive - NESTLE/Documents/Misc/Code files/Repositories/FormMate/src/screens/new-form.ts:219:1]
 216 |       cleanupZen?.();
 217 | =======
 218 |       cleanupZen();
 219 | >>>>>>> Stashed changes:src/screens/new-form.js
     : ^^^^^^^
 220 |       if (cleanupAurora) cleanupAurora();
 221 |     };
 221 |   }
     `----


Caused by:
    Syntax Error[39m
  Plugin: [35mvite:react-swc[39m
  File: [36mC:/Users/ngaremuki/OneDrive - NESTLE/Documents/Misc/Code files/Repositories/FormMate/src/screens/new-form.ts[39m
  
[2m2:34:37 PM[22m [31m[1m[vite][22m[39m [31mInternal server error:   x Merge conflict marker encountered.
   ,-[C:/Users/ngaremuki/OneDrive - NESTLE/Documents/Misc/Code files/Repositories/FormMate/src/screens/new-form.ts:6:1]
 3 | // FormMate — New Form Screen
 4 | // ═══════════════════════════════════════════
 5 | 
 6 | <<<<<<< Updated upstream:src/screens/new-form.ts
   : ^^^^^^^
 7 | import { getState, setState } from '../state';
 8 | import { getHomeScreenForUser, navigateTo, goBack } from '../router';
 8 | import { parseFormUrl, detectFormPlatform } from '../parser/form-parser';
   `----
  x Merge conflict marker encountered.
    ,-[C:/Users/ngaremuki/OneDrive - NESTLE/Documents/Misc/Code files/Repositories/FormMate/src/screens/new-form.ts:13:1]
 10 | import { normalizeSubmittedFormUrl } from '../parser/url-intake';
 11 | import { toast } from '../components/toast';
 12 | import { initAurora } from './Aurora';
 13 | =======
    : ^^^^^^^
 14 | import { getState, setState } from '../state.js';
 15 | import { getHomeScreenForUser, navigateTo, goBack } from '../router.js';
 15 | import { parseFormUrl, detectFormPlatform } from '../parser/form-parser.js';
    `----
  x Merge conflict marker encountered.
    ,-[C:/Users/ngaremuki/OneDrive - NESTLE/Documents/Misc/Code files/Repositories/FormMate/src/screens/new-form.ts:20:1]
 17 | import { toast } from '../components/toast.js';
 18 | import { initZenMode, renderZenExitButton, renderZenToggle } from '../components/zen-mode.js';
 19 | import { initAurora } from './Aurora.js';
 20 | >>>>>>> Stashed changes:src/screens/new-form.js
    : ^^^^^^^
 21 | import './Aurora.css';
 22 | import { escapeHtml, safeHttpUrl } from '../utils/escape';
 22 | import { isZenModeEnabled, bindZenModeControls, openAccountModal } from '../components/layout';
    `----
  x Merge conflict marker encountered.
     ,-[C:/Users/ngaremuki/OneDrive - NESTLE/Documents/Misc/Code files/Repositories/FormMate/src/screens/new-form.ts:215:1]
 212 |     wrapper.querySelector('#btn-login')?.addEventListener('click', () => navigateTo('auth'));
 213 |     wrapper.querySelector('#btn-profile')?.addEventListener('click', () => openAccountModal('profile'));
 214 |     return () => {
 215 | <<<<<<< Updated upstream:src/screens/new-form.ts
     : ^^^^^^^
 216 |       cleanupZen?.();
 217 | =======
 217 |       cleanupZen();
     `----
  x Merge conflict marker encountered.
     ,-[C:/Users/ngaremuki/OneDrive - NESTLE/Documents/Misc/Code files/Repositories/FormMate/src/screens/new-form.ts:217:1]
 214 |     return () => {
 215 | <<<<<<< Updated upstream:src/screens/new-form.ts
 216 |       cleanupZen?.();
 217 | =======
     : ^^^^^^^
 218 |       cleanupZen();
 219 | >>>>>>> Stashed changes:src/screens/new-form.js
 219 |       if (cleanupAurora) cleanupAurora();
     `----
  x Merge conflict marker encountered.
     ,-[C:/Users/ngaremuki/OneDrive - NESTLE/Documents/Misc/Code files/Repositories/FormMate/src/screens/new-form.ts:219:1]
 216 |       cleanupZen?.();
 217 | =======
 218 |       cleanupZen();
 219 | >>>>>>> Stashed changes:src/screens/new-form.js
     : ^^^^^^^
 220 |       if (cleanupAurora) cleanupAurora();
 221 |     };
 221 |   }
     `----


Caused by:
    Syntax Error[39m
  Plugin: [35mvite:react-swc[39m
  File: [36mC:/Users/ngaremuki/OneDrive - NESTLE/Documents/Misc/Code files/Repositories/FormMate/src/screens/new-form.ts[39m
  
[2m2:34:37 PM[22m [31m[1m[vite][22m[39m [31mInternal server error:   x Merge conflict marker encountered.
     ,-[C:/Users/ngaremuki/OneDrive - NESTLE/Documents/Misc/Code files/Repositories/FormMate/src/screens/history.ts:144:1]
 141 |     </div>
 142 |   `;
 143 | 
 144 | <<<<<<< Updated upstream:src/screens/history.ts
     : ^^^^^^^
 145 |   const html = withLayout('history', historyContent, {
 146 |     zenMode: { screenId: 'history' },
 146 |     shellClassName: 'zen-layout-shell',
     `----
  x Merge conflict marker encountered.
     ,-[C:/Users/ngaremuki/OneDrive - NESTLE/Documents/Misc/Code files/Repositories/FormMate/src/screens/history.ts:153:1]
 150 | 
 151 |   function init(wrapper) {
 152 |     const cleanupLayout = initLayout(wrapper, { zenMode: { screenId: 'history' } });
 153 | =======
     : ^^^^^^^
 154 |   const html = withLayout('history', historyContent, { zenSupported: true });
 155 | 
 155 |   function init(wrapper) {
     `----
  x Merge conflict marker encountered.
     ,-[C:/Users/ngaremuki/OneDrive - NESTLE/Documents/Misc/Code files/Repositories/FormMate/src/screens/history.ts:158:1]
 155 | 
 156 |   function init(wrapper) {
 157 |     const cleanupLayout = initLayout(wrapper, { screenId: 'history', zenSupported: true });
 158 | >>>>>>> Stashed changes:src/screens/history.js
     : ^^^^^^^
 159 | 
 160 |     wrapper.querySelector('#btn-export-all')?.addEventListener('click', () => {
 160 |       navigateTo('docs');
     `----
  x Expected '}', got '<eof>'
     ,-[C:/Users/ngaremuki/OneDrive - NESTLE/Documents/Misc/Code files/Repositories/FormMate/src/screens/history.ts:170:4]
 168 | 
 169 |   return { html, init };
 170 | }
     `----


Caused by:
    Syntax Error[39m
  Plugin: [35mvite:react-swc[39m
  File: [36mC:/Users/ngaremuki/OneDrive - NESTLE/Documents/Misc/Code files/Repositories/FormMate/src/screens/history.ts[39m
  
[2m2:34:37 PM[22m [31m[1m[vite][22m[39m [31mInternal server error:   x Merge conflict marker encountered.
     ,-[C:/Users/ngaremuki/OneDrive - NESTLE/Documents/Misc/Code files/Repositories/FormMate/src/screens/ai-chat.ts:138:1]
 135 |     </div>
 136 |   `;
 137 | 
 138 | <<<<<<< Updated upstream:src/screens/ai-chat.ts
     : ^^^^^^^
 139 |   const html = withLayout('ai-chat', chatContent, {
 140 |     zenMode: { screenId: 'ai-chat' },
 140 |     shellClassName: 'zen-layout-shell',
     `----
  x Merge conflict marker encountered.
     ,-[C:/Users/ngaremuki/OneDrive - NESTLE/Documents/Misc/Code files/Repositories/FormMate/src/screens/ai-chat.ts:147:1]
 144 | 
 145 |   function init(wrapper) {
 146 |     const cleanupLayout = initLayout(wrapper, { zenMode: { screenId: 'ai-chat' } });
 147 | =======
     : ^^^^^^^
 148 |   const html = withLayout('ai-chat', chatContent, { zenSupported: true });
 149 | 
 149 |   function init(wrapper) {
     `----
  x Merge conflict marker encountered.
     ,-[C:/Users/ngaremuki/OneDrive - NESTLE/Documents/Misc/Code files/Repositories/FormMate/src/screens/ai-chat.ts:152:1]
 149 | 
 150 |   function init(wrapper) {
 151 |     const cleanupLayout = initLayout(wrapper, { screenId: 'ai-chat', zenSupported: true });
 152 | >>>>>>> Stashed changes:src/screens/ai-chat.js
     : ^^^^^^^
 153 | 
 154 |     const chatInput = wrapper.querySelector('#chat-input');
 154 |     const btnSend = wrapper.querySelector('#btn-send');
     `----
  x Merge conflict marker encountered.
     ,-[C:/Users/ngaremuki/OneDrive - NESTLE/Documents/Misc/Code files/Repositories/FormMate/src/screens/ai-chat.ts:249:1]
 246 |     });
 247 | 
 248 |     return () => {
 249 | <<<<<<< Updated upstream:src/screens/ai-chat.ts
     : ^^^^^^^
 250 |       cleanupRichActions?.();
 251 | =======
 251 | >>>>>>> Stashed changes:src/screens/ai-chat.js
     `----
  x Merge conflict marker encountered.
     ,-[C:/Users/ngaremuki/OneDrive - NESTLE/Documents/Misc/Code files/Repositories/FormMate/src/screens/ai-chat.ts:251:1]
 248 |     return () => {
 249 | <<<<<<< Updated upstream:src/screens/ai-chat.ts
 250 |       cleanupRichActions?.();
 251 | =======
     : ^^^^^^^
 252 | >>>>>>> Stashed changes:src/screens/ai-chat.js
 253 |       cleanupLayout?.();
 253 |     };
     `----
  x Merge conflict marker encountered.
     ,-[C:/Users/ngaremuki/OneDrive - NESTLE/Documents/Misc/Code files/Repositories/FormMate/src/screens/ai-chat.ts:252:1]
 249 | <<<<<<< Updated upstream:src/screens/ai-chat.ts
 250 |       cleanupRichActions?.();
 251 | =======
 252 | >>>>>>> Stashed changes:src/screens/ai-chat.js
     : ^^^^^^^
 253 |       cleanupLayout?.();
 254 |     };
 254 |   }
     `----
  x Expected '}', got '<eof>'
     ,-[C:/Users/ngaremuki/OneDrive - NESTLE/Documents/Misc/Code files/Repositories/FormMate/src/screens/ai-chat.ts:258:4]
 256 | 
 257 |   return { html, init };
 258 | }
     `----


Caused by:
    Syntax Error[39m
  Plugin: [35mvite:react-swc[39m
  File: [36mC:/Users/ngaremuki/OneDrive - NESTLE/Documents/Misc/Code files/Repositories/FormMate/src/screens/ai-chat.ts[39m
  
[2m2:45:10 PM[22m [36m[1m[vite][22m[39m [90m[2m(client)[22m[39m [32mhmr update [39m[2m/src/App.tsx[22m
[2m2:45:10 PM[22m [31m[1m[vite][22m[39m [31m[2m(client)[22m[39m Pre-transform error:   x Merge conflict marker encountered.
   ,-[C:/Users/ngaremuki/OneDrive - NESTLE/Documents/Misc/Code files/Repositories/FormMate/src/screens/new-form.ts:6:1]
 3 | // FormMate — New Form Screen
 4 | // ═══════════════════════════════════════════
 5 | 
 6 | <<<<<<< Updated upstream:src/screens/new-form.ts
   : ^^^^^^^
 7 | import { getState, setState } from '../state';
 8 | import { getHomeScreenForUser, navigateTo, goBack } from '../router';
 8 | import { parseFormUrl, detectFormPlatform } from '../parser/form-parser';
   `----
  x Merge conflict marker encountered.
    ,-[C:/Users/ngaremuki/OneDrive - NESTLE/Documents/Misc/Code files/Repositories/FormMate/src/screens/new-form.ts:13:1]
 10 | import { normalizeSubmittedFormUrl } from '../parser/url-intake';
 11 | import { toast } from '../components/toast';
 12 | import { initAurora } from './Aurora';
 13 | =======
    : ^^^^^^^
 14 | import { getState, setState } from '../state.js';
 15 | import { getHomeScreenForUser, navigateTo, goBack } from '../router.js';
 15 | import { parseFormUrl, detectFormPlatform } from '../parser/form-parser.js';
    `----
  x Merge conflict marker encountered.
    ,-[C:/Users/ngaremuki/OneDrive - NESTLE/Documents/Misc/Code files/Repositories/FormMate/src/screens/new-form.ts:20:1]
 17 | import { toast } from '../components/toast.js';
 18 | import { initZenMode, renderZenExitButton, renderZenToggle } from '../components/zen-mode.js';
 19 | import { initAurora } from './Aurora.js';
 20 | >>>>>>> Stashed changes:src/screens/new-form.js
    : ^^^^^^^
 21 | import './Aurora.css';
 22 | import { escapeHtml, safeHttpUrl } from '../utils/escape';
 22 | import { isZenModeEnabled, bindZenModeControls, openAccountModal } from '../components/layout';
    `----
  x Merge conflict marker encountered.
     ,-[C:/Users/ngaremuki/OneDrive - NESTLE/Documents/Misc/Code files/Repositories/FormMate/src/screens/new-form.ts:215:1]
 212 |     wrapper.querySelector('#btn-login')?.addEventListener('click', () => navigateTo('auth'));
 213 |     wrapper.querySelector('#btn-profile')?.addEventListener('click', () => openAccountModal('profile'));
 214 |     return () => {
 215 | <<<<<<< Updated upstream:src/screens/new-form.ts
     : ^^^^^^^
 216 |       cleanupZen?.();
 217 | =======
 217 |       cleanupZen();
     `----
  x Merge conflict marker encountered.
     ,-[C:/Users/ngaremuki/OneDrive - NESTLE/Documents/Misc/Code files/Repositories/FormMate/src/screens/new-form.ts:217:1]
 214 |     return () => {
 215 | <<<<<<< Updated upstream:src/screens/new-form.ts
 216 |       cleanupZen?.();
 217 | =======
     : ^^^^^^^
 218 |       cleanupZen();
 219 | >>>>>>> Stashed changes:src/screens/new-form.js
 219 |       if (cleanupAurora) cleanupAurora();
     `----
  x Merge conflict marker encountered.
     ,-[C:/Users/ngaremuki/OneDrive - NESTLE/Documents/Misc/Code files/Repositories/FormMate/src/screens/new-form.ts:219:1]
 216 |       cleanupZen?.();
 217 | =======
 218 |       cleanupZen();
 219 | >>>>>>> Stashed changes:src/screens/new-form.js
     : ^^^^^^^
 220 |       if (cleanupAurora) cleanupAurora();
 221 |     };
 221 |   }
     `----


Caused by:
    Syntax Error
  Plugin: [35mvite:react-swc[39m
  File: [36mC:/Users/ngaremuki/OneDrive - NESTLE/Documents/Misc/Code files/Repositories/FormMate/src/screens/new-form.ts[39m
[2m2:45:10 PM[22m [31m[1m[vite][22m[39m [31m[2m(client)[22m[39m Pre-transform error:   x Merge conflict marker encountered.
     ,-[C:/Users/ngaremuki/OneDrive - NESTLE/Documents/Misc/Code files/Repositories/FormMate/src/screens/history.ts:144:1]
 141 |     </div>
 142 |   `;
 143 | 
 144 | <<<<<<< Updated upstream:src/screens/history.ts
     : ^^^^^^^
 145 |   const html = withLayout('history', historyContent, {
 146 |     zenMode: { screenId: 'history' },
 146 |     shellClassName: 'zen-layout-shell',
     `----
  x Merge conflict marker encountered.
     ,-[C:/Users/ngaremuki/OneDrive - NESTLE/Documents/Misc/Code files/Repositories/FormMate/src/screens/history.ts:153:1]
 150 | 
 151 |   function init(wrapper) {
 152 |     const cleanupLayout = initLayout(wrapper, { zenMode: { screenId: 'history' } });
 153 | =======
     : ^^^^^^^
 154 |   const html = withLayout('history', historyContent, { zenSupported: true });
 155 | 
 155 |   function init(wrapper) {
     `----
  x Merge conflict marker encountered.
     ,-[C:/Users/ngaremuki/OneDrive - NESTLE/Documents/Misc/Code files/Repositories/FormMate/src/screens/history.ts:158:1]
 155 | 
 156 |   function init(wrapper) {
 157 |     const cleanupLayout = initLayout(wrapper, { screenId: 'history', zenSupported: true });
 158 | >>>>>>> Stashed changes:src/screens/history.js
     : ^^^^^^^
 159 | 
 160 |     wrapper.querySelector('#btn-export-all')?.addEventListener('click', () => {
 160 |       navigateTo('docs');
     `----
  x Expected '}', got '<eof>'
     ,-[C:/Users/ngaremuki/OneDrive - NESTLE/Documents/Misc/Code files/Repositories/FormMate/src/screens/history.ts:170:4]
 168 | 
 169 |   return { html, init };
 170 | }
     `----


Caused by:
    Syntax Error
  Plugin: [35mvite:react-swc[39m
  File: [36mC:/Users/ngaremuki/OneDrive - NESTLE/Documents/Misc/Code files/Repositories/FormMate/src/screens/history.ts[39m
[2m2:45:10 PM[22m [31m[1m[vite][22m[39m [31m[2m(client)[22m[39m Pre-transform error:   x Merge conflict marker encountered.
     ,-[C:/Users/ngaremuki/OneDrive - NESTLE/Documents/Misc/Code files/Repositories/FormMate/src/screens/ai-chat.ts:138:1]
 135 |     </div>
 136 |   `;
 137 | 
 138 | <<<<<<< Updated upstream:src/screens/ai-chat.ts
     : ^^^^^^^
 139 |   const html = withLayout('ai-chat', chatContent, {
 140 |     zenMode: { screenId: 'ai-chat' },
 140 |     shellClassName: 'zen-layout-shell',
     `----
  x Merge conflict marker encountered.
     ,-[C:/Users/ngaremuki/OneDrive - NESTLE/Documents/Misc/Code files/Repositories/FormMate/src/screens/ai-chat.ts:147:1]
 144 | 
 145 |   function init(wrapper) {
 146 |     const cleanupLayout = initLayout(wrapper, { zenMode: { screenId: 'ai-chat' } });
 147 | =======
     : ^^^^^^^
 148 |   const html = withLayout('ai-chat', chatContent, { zenSupported: true });
 149 | 
 149 |   function init(wrapper) {
     `----
  x Merge conflict marker encountered.
     ,-[C:/Users/ngaremuki/OneDrive - NESTLE/Documents/Misc/Code files/Repositories/FormMate/src/screens/ai-chat.ts:152:1]
 149 | 
 150 |   function init(wrapper) {
 151 |     const cleanupLayout = initLayout(wrapper, { screenId: 'ai-chat', zenSupported: true });
 152 | >>>>>>> Stashed changes:src/screens/ai-chat.js
     : ^^^^^^^
 153 | 
 154 |     const chatInput = wrapper.querySelector('#chat-input');
 154 |     const btnSend = wrapper.querySelector('#btn-send');
     `----
  x Merge conflict marker encountered.
     ,-[C:/Users/ngaremuki/OneDrive - NESTLE/Documents/Misc/Code files/Repositories/FormMate/src/screens/ai-chat.ts:249:1]
 246 |     });
 247 | 
 248 |     return () => {
 249 | <<<<<<< Updated upstream:src/screens/ai-chat.ts
     : ^^^^^^^
 250 |       cleanupRichActions?.();
 251 | =======
 251 | >>>>>>> Stashed changes:src/screens/ai-chat.js
     `----
  x Merge conflict marker encountered.
     ,-[C:/Users/ngaremuki/OneDrive - NESTLE/Documents/Misc/Code files/Repositories/FormMate/src/screens/ai-chat.ts:251:1]
 248 |     return () => {
 249 | <<<<<<< Updated upstream:src/screens/ai-chat.ts
 250 |       cleanupRichActions?.();
 251 | =======
     : ^^^^^^^
 252 | >>>>>>> Stashed changes:src/screens/ai-chat.js
 253 |       cleanupLayout?.();
 253 |     };
     `----
  x Merge conflict marker encountered.
     ,-[C:/Users/ngaremuki/OneDrive - NESTLE/Documents/Misc/Code files/Repositories/FormMate/src/screens/ai-chat.ts:252:1]
 249 | <<<<<<< Updated upstream:src/screens/ai-chat.ts
 250 |       cleanupRichActions?.();
 251 | =======
 252 | >>>>>>> Stashed changes:src/screens/ai-chat.js
     : ^^^^^^^
 253 |       cleanupLayout?.();
 254 |     };
 254 |   }
     `----
  x Expected '}', got '<eof>'
     ,-[C:/Users/ngaremuki/OneDrive - NESTLE/Documents/Misc/Code files/Repositories/FormMate/src/screens/ai-chat.ts:258:4]
 256 | 
 257 |   return { html, init };
 258 | }
     `----


Caused by:
    Syntax Error
  Plugin: [35mvite:react-swc[39m
  File: [36mC:/Users/ngaremuki/OneDrive - NESTLE/Documents/Misc/Code files/Repositories/FormMate/src/screens/ai-chat.ts[39m
[2m2:45:10 PM[22m [36m[1m[vite][22m[39m [90m[2m(client)[22m[39m [32mpage reload [39m[2msrc/components/zen-mode.js[22m
[2m2:45:10 PM[22m [31m[1m[vite][22m[39m [31mInternal server error:   x Merge conflict marker encountered.
   ,-[C:/Users/ngaremuki/OneDrive - NESTLE/Documents/Misc/Code files/Repositories/FormMate/src/screens/new-form.ts:6:1]
 3 | // FormMate — New Form Screen
 4 | // ═══════════════════════════════════════════
 5 | 
 6 | <<<<<<< Updated upstream:src/screens/new-form.ts
   : ^^^^^^^
 7 | import { getState, setState } from '../state';
 8 | import { getHomeScreenForUser, navigateTo, goBack } from '../router';
 8 | import { parseFormUrl, detectFormPlatform } from '../parser/form-parser';
   `----
  x Merge conflict marker encountered.
    ,-[C:/Users/ngaremuki/OneDrive - NESTLE/Documents/Misc/Code files/Repositories/FormMate/src/screens/new-form.ts:13:1]
 10 | import { normalizeSubmittedFormUrl } from '../parser/url-intake';
 11 | import { toast } from '../components/toast';
 12 | import { initAurora } from './Aurora';
 13 | =======
    : ^^^^^^^
 14 | import { getState, setState } from '../state.js';
 15 | import { getHomeScreenForUser, navigateTo, goBack } from '../router.js';
 15 | import { parseFormUrl, detectFormPlatform } from '../parser/form-parser.js';
    `----
  x Merge conflict marker encountered.
    ,-[C:/Users/ngaremuki/OneDrive - NESTLE/Documents/Misc/Code files/Repositories/FormMate/src/screens/new-form.ts:20:1]
 17 | import { toast } from '../components/toast.js';
 18 | import { initZenMode, renderZenExitButton, renderZenToggle } from '../components/zen-mode.js';
 19 | import { initAurora } from './Aurora.js';
 20 | >>>>>>> Stashed changes:src/screens/new-form.js
    : ^^^^^^^
 21 | import './Aurora.css';
 22 | import { escapeHtml, safeHttpUrl } from '../utils/escape';
 22 | import { isZenModeEnabled, bindZenModeControls, openAccountModal } from '../components/layout';
    `----
  x Merge conflict marker encountered.
     ,-[C:/Users/ngaremuki/OneDrive - NESTLE/Documents/Misc/Code files/Repositories/FormMate/src/screens/new-form.ts:215:1]
 212 |     wrapper.querySelector('#btn-login')?.addEventListener('click', () => navigateTo('auth'));
 213 |     wrapper.querySelector('#btn-profile')?.addEventListener('click', () => openAccountModal('profile'));
 214 |     return () => {
 215 | <<<<<<< Updated upstream:src/screens/new-form.ts
     : ^^^^^^^
 216 |       cleanupZen?.();
 217 | =======
 217 |       cleanupZen();
     `----
  x Merge conflict marker encountered.
     ,-[C:/Users/ngaremuki/OneDrive - NESTLE/Documents/Misc/Code files/Repositories/FormMate/src/screens/new-form.ts:217:1]
 214 |     return () => {
 215 | <<<<<<< Updated upstream:src/screens/new-form.ts
 216 |       cleanupZen?.();
 217 | =======
     : ^^^^^^^
 218 |       cleanupZen();
 219 | >>>>>>> Stashed changes:src/screens/new-form.js
 219 |       if (cleanupAurora) cleanupAurora();
     `----
  x Merge conflict marker encountered.
     ,-[C:/Users/ngaremuki/OneDrive - NESTLE/Documents/Misc/Code files/Repositories/FormMate/src/screens/new-form.ts:219:1]
 216 |       cleanupZen?.();
 217 | =======
 218 |       cleanupZen();
 219 | >>>>>>> Stashed changes:src/screens/new-form.js
     : ^^^^^^^
 220 |       if (cleanupAurora) cleanupAurora();
 221 |     };
 221 |   }
     `----


Caused by:
    Syntax Error[39m
  Plugin: [35mvite:react-swc[39m
  File: [36mC:/Users/ngaremuki/OneDrive - NESTLE/Documents/Misc/Code files/Repositories/FormMate/src/screens/new-form.ts[39m
  
[2m2:45:10 PM[22m [31m[1m[vite][22m[39m [31mInternal server error:   x Merge conflict marker encountered.
     ,-[C:/Users/ngaremuki/OneDrive - NESTLE/Documents/Misc/Code files/Repositories/FormMate/src/screens/ai-chat.ts:138:1]
 135 |     </div>
 136 |   `;
 137 | 
 138 | <<<<<<< Updated upstream:src/screens/ai-chat.ts
     : ^^^^^^^
 139 |   const html = withLayout('ai-chat', chatContent, {
 140 |     zenMode: { screenId: 'ai-chat' },
 140 |     shellClassName: 'zen-layout-shell',
     `----
  x Merge conflict marker encountered.
     ,-[C:/Users/ngaremuki/OneDrive - NESTLE/Documents/Misc/Code files/Repositories/FormMate/src/screens/ai-chat.ts:147:1]
 144 | 
 145 |   function init(wrapper) {
 146 |     const cleanupLayout = initLayout(wrapper, { zenMode: { screenId: 'ai-chat' } });
 147 | =======
     : ^^^^^^^
 148 |   const html = withLayout('ai-chat', chatContent, { zenSupported: true });
 149 | 
 149 |   function init(wrapper) {
     `----
  x Merge conflict marker encountered.
     ,-[C:/Users/ngaremuki/OneDrive - NESTLE/Documents/Misc/Code files/Repositories/FormMate/src/screens/ai-chat.ts:152:1]
 149 | 
 150 |   function init(wrapper) {
 151 |     const cleanupLayout = initLayout(wrapper, { screenId: 'ai-chat', zenSupported: true });
 152 | >>>>>>> Stashed changes:src/screens/ai-chat.js
     : ^^^^^^^
 153 | 
 154 |     const chatInput = wrapper.querySelector('#chat-input');
 154 |     const btnSend = wrapper.querySelector('#btn-send');
     `----
  x Merge conflict marker encountered.
     ,-[C:/Users/ngaremuki/OneDrive - NESTLE/Documents/Misc/Code files/Repositories/FormMate/src/screens/ai-chat.ts:249:1]
 246 |     });
 247 | 
 248 |     return () => {
 249 | <<<<<<< Updated upstream:src/screens/ai-chat.ts
     : ^^^^^^^
 250 |       cleanupRichActions?.();
 251 | =======
 251 | >>>>>>> Stashed changes:src/screens/ai-chat.js
     `----
  x Merge conflict marker encountered.
     ,-[C:/Users/ngaremuki/OneDrive - NESTLE/Documents/Misc/Code files/Repositories/FormMate/src/screens/ai-chat.ts:251:1]
 248 |     return () => {
 249 | <<<<<<< Updated upstream:src/screens/ai-chat.ts
 250 |       cleanupRichActions?.();
 251 | =======
     : ^^^^^^^
 252 | >>>>>>> Stashed changes:src/screens/ai-chat.js
 253 |       cleanupLayout?.();
 253 |     };
     `----
  x Merge conflict marker encountered.
     ,-[C:/Users/ngaremuki/OneDrive - NESTLE/Documents/Misc/Code files/Repositories/FormMate/src/screens/ai-chat.ts:252:1]
 249 | <<<<<<< Updated upstream:src/screens/ai-chat.ts
 250 |       cleanupRichActions?.();
 251 | =======
 252 | >>>>>>> Stashed changes:src/screens/ai-chat.js
     : ^^^^^^^
 253 |       cleanupLayout?.();
 254 |     };
 254 |   }
     `----
  x Expected '}', got '<eof>'
     ,-[C:/Users/ngaremuki/OneDrive - NESTLE/Documents/Misc/Code files/Repositories/FormMate/src/screens/ai-chat.ts:258:4]
 256 | 
 257 |   return { html, init };
 258 | }
     `----


Caused by:
    Syntax Error[39m
  Plugin: [35mvite:react-swc[39m
  File: [36mC:/Users/ngaremuki/OneDrive - NESTLE/Documents/Misc/Code files/Repositories/FormMate/src/screens/ai-chat.ts[39m
  
[2m2:45:10 PM[22m [31m[1m[vite][22m[39m [31mInternal server error:   x Merge conflict marker encountered.
     ,-[C:/Users/ngaremuki/OneDrive - NESTLE/Documents/Misc/Code files/Repositories/FormMate/src/screens/history.ts:144:1]
 141 |     </div>
 142 |   `;
 143 | 
 144 | <<<<<<< Updated upstream:src/screens/history.ts
     : ^^^^^^^
 145 |   const html = withLayout('history', historyContent, {
 146 |     zenMode: { screenId: 'history' },
 146 |     shellClassName: 'zen-layout-shell',
     `----
  x Merge conflict marker encountered.
     ,-[C:/Users/ngaremuki/OneDrive - NESTLE/Documents/Misc/Code files/Repositories/FormMate/src/screens/history.ts:153:1]
 150 | 
 151 |   function init(wrapper) {
 152 |     const cleanupLayout = initLayout(wrapper, { zenMode: { screenId: 'history' } });
 153 | =======
     : ^^^^^^^
 154 |   const html = withLayout('history', historyContent, { zenSupported: true });
 155 | 
 155 |   function init(wrapper) {
     `----
  x Merge conflict marker encountered.
     ,-[C:/Users/ngaremuki/OneDrive - NESTLE/Documents/Misc/Code files/Repositories/FormMate/src/screens/history.ts:158:1]
 155 | 
 156 |   function init(wrapper) {
 157 |     const cleanupLayout = initLayout(wrapper, { screenId: 'history', zenSupported: true });
 158 | >>>>>>> Stashed changes:src/screens/history.js
     : ^^^^^^^
 159 | 
 160 |     wrapper.querySelector('#btn-export-all')?.addEventListener('click', () => {
 160 |       navigateTo('docs');
     `----
  x Expected '}', got '<eof>'
     ,-[C:/Users/ngaremuki/OneDrive - NESTLE/Documents/Misc/Code files/Repositories/FormMate/src/screens/history.ts:170:4]
 168 | 
 169 |   return { html, init };
 170 | }
     `----


Caused by:
    Syntax Error[39m
  Plugin: [35mvite:react-swc[39m
  File: [36mC:/Users/ngaremuki/OneDrive - NESTLE/Documents/Misc/Code files/Repositories/FormMate/src/screens/history.ts[39m
  
[2m2:49:36 PM[22m [36m[1m[vite][22m[39m [90m[2m(client)[22m[39m [32mhmr update [39m[2m/src/App.tsx[22m
[2m8:48:39 AM[22m [36m[1m[vite][22m[39m [90m[2m(client)[22m[39m [32mhmr update [39m[2m/src/App.tsx[22m
[2m8:48:58 AM[22m [36m[1m[vite][22m[39m [90m[2m(client)[22m[39m [32mhmr update [39m[2m/src/styles.css[22m
[2m8:49:29 AM[22m [36m[1m[vite][22m[39m [90m[2m(client)[22m[39m [32mhmr update [39m[2m/src/styles.css[22m
[2m9:05:17 AM[22m [36m[1m[vite][22m[39m [90m[2m(client)[22m[39m [32mhmr update [39m[2m/src/App.tsx[22m
[2m9:05:26 AM[22m [36m[1m[vite][22m[39m [90m[2m(client)[22m[39m [32mhmr update [39m[2m/src/styles.css[22m
[2m9:08:33 AM[22m [36m[1m[vite][22m[39m [90m[2m(client)[22m[39m [32mhmr update [39m[2m/src/styles.css[22m
[2m9:10:07 AM[22m [36m[1m[vite][22m[39m [90m[2m(client)[22m[39m [32mhmr update [39m[2m/src/styles.css[22m
[2m9:12:27 AM[22m [36m[1m[vite][22m[39m [90m[2m(client)[22m[39m [32mhmr update [39m[2m/src/App.tsx[22m
[2m9:12:36 AM[22m [36m[1m[vite][22m[39m [90m[2m(client)[22m[39m [32mhmr update [39m[2m/src/App.tsx[22m
[2m9:17:55 AM[22m [36m[1m[vite][22m[39m [90m[2m(client)[22m[39m [32mhmr update [39m[2m/src/App.tsx[22m
[2m9:26:04 AM[22m [36m[1m[vite][22m[39m [90m[2m(client)[22m[39m [32mhmr update [39m[2m/src/App.tsx[22m
[2m9:26:17 AM[22m [36m[1m[vite][22m[39m [90m[2m(client)[22m[39m [32mhmr update [39m[2m/src/styles.css[22m
[2m9:26:32 AM[22m [36m[1m[vite][22m[39m [90m[2m(client)[22m[39m [32mhmr update [39m[2m/src/App.tsx[22m
[2m9:28:51 AM[22m [36m[1m[vite][22m[39m [90m[2m(client)[22m[39m [32mhmr update [39m[2m/src/styles.css[22m
[2m9:29:03 AM[22m [36m[1m[vite][22m[39m [90m[2m(client)[22m[39m [32mhmr update [39m[2m/src/styles.css[22m
[2m9:30:08 AM[22m [36m[1m[vite][22m[39m [90m[2m(client)[22m[39m [32mhmr update [39m[2m/src/App.tsx[22m
[2m9:57:29 AM[22m [36m[1m[vite][22m[39m [90m[2m(client)[22m[39m [32mhmr update [39m[2m/src/styles.css[22m
[2m9:57:42 AM[22m [36m[1m[vite][22m[39m [90m[2m(client)[22m[39m [32mhmr update [39m[2m/src/App.tsx[22m
[2m1:13:16 PM[22m [36m[1m[vite][22m[39m [90m[2m(client)[22m[39m [32mhmr update [39m[2m/src/styles.css[22m
[2m1:13:16 PM[22m [36m[1m[vite][22m[39m [90m[2m(client)[22m[39m [32mhmr update [39m[2m/src/styles.css[22m
[2m1:13:25 PM[22m [36m[1m[vite][22m[39m [90m[2m(client)[22m[39m [32mhmr update [39m[2m/src/App.tsx[22m
[2m1:13:38 PM[22m [36m[1m[vite][22m[39m [90m[2m(client)[22m[39m [32mhmr update [39m[2m/src/App.tsx[22m
[2m1:41:51 PM[22m [36m[1m[vite][22m[39m [90m[2m(client)[22m[39m [32mhmr update [39m[2m/src/styles.css[22m
[2m1:43:02 PM[22m [36m[1m[vite][22m[39m [90m[2m(client)[22m[39m [32mhmr update [39m[2m/src/App.tsx[22m
[2m1:43:13 PM[22m [36m[1m[vite][22m[39m [90m[2m(client)[22m[39m [32mhmr update [39m[2m/src/styles.css[22m
[2m2:56:29 PM[22m [36m[1m[vite][22m[39m [90m[2m(client)[22m[39m [32mhmr update [39m[2m/src/styles.css[22m
[2m2:57:16 PM[22m [36m[1m[vite][22m[39m [90m[2m(client)[22m[39m [32mhmr update [39m[2m/src/styles.css[22m
[2m3:05:35 PM[22m [36m[1m[vite][22m[39m [90m[2m(client)[22m[39m [32mhmr update [39m[2m/src/design-tokens.css[22m
[2m3:05:55 PM[22m [36m[1m[vite][22m[39m [90m[2m(client)[22m[39m [32mhmr update [39m[2m/src/styles.css[22m
[2m3:06:09 PM[22m [36m[1m[vite][22m[39m [90m[2m(client)[22m[39m [32mhmr update [39m[2m/src/styles.css[22m
